,Feature Extractor,Dataset,Method,Fold,Sample Size,P,loss
0,ResNet34,NICO++,KN,water,10,1,10.542317235041505
0,ResNet34,NICO++,KN,water,10,1,10.542317235041505
0,ResNet34,NICO++,KN,water,10,1,10.542317235041505
0,ResNet34,NICO++,KN,water,10,1,10.542317235041505
0,ResNet34,NICO++,KN,water,10,1,10.542317235041505
0,ResNet34,NICO++,KN,water,10,1,10.542317235041505
0,ResNet34,NICO++,KN,water,10,1,10.542317235041505
0,ResNet34,NICO++,KN,water,10,1,10.542317235041505
0,ResNet34,NICO++,KN,water,10,1,10.542317235041505
0,ResNet34,NICO++,KN,water,10,1,10.542317235041505
1,ResNet34,NICO++,KN,outdoor,10,1,9.790607686780636
1,ResNet34,NICO++,KN,outdoor,10,1,9.790607686780636
1,ResNet34,NICO++,KN,outdoor,10,1,9.790607686780636
1,ResNet34,NICO++,KN,outdoor,10,1,9.790607686780636
1,ResNet34,NICO++,KN,outdoor,10,1,9.790607686780636
1,ResNet34,NICO++,KN,outdoor,10,1,9.790607686780636
1,ResNet34,NICO++,KN,outdoor,10,1,9.790607686780636
1,ResNet34,NICO++,KN,outdoor,10,1,9.790607686780636
1,ResNet34,NICO++,KN,outdoor,10,1,9.790607686780636
1,ResNet34,NICO++,KN,outdoor,10,1,9.790607686780636
2,ResNet34,NICO++,KN,dim,10,1,4.848205445248121
2,ResNet34,NICO++,KN,dim,10,1,4.848205445248121
2,ResNet34,NICO++,KN,dim,10,1,4.848205445248121
2,ResNet34,NICO++,KN,dim,10,1,4.848205445248121
2,ResNet34,NICO++,KN,dim,10,1,4.848205445248121
2,ResNet34,NICO++,KN,dim,10,1,4.848205445248121
2,ResNet34,NICO++,KN,dim,10,1,4.848205445248121
2,ResNet34,NICO++,KN,dim,10,1,4.848205445248121
2,ResNet34,NICO++,KN,dim,10,1,4.848205445248121
2,ResNet34,NICO++,KN,dim,10,1,4.848205445248121
3,ResNet34,NICO++,KN,autumn,10,1,9.333625973259243
3,ResNet34,NICO++,KN,autumn,10,1,9.333625973259243
3,ResNet34,NICO++,KN,autumn,10,1,9.333625973259243
3,ResNet34,NICO++,KN,autumn,10,1,9.333625973259243
3,ResNet34,NICO++,KN,autumn,10,1,9.333625973259243
3,ResNet34,NICO++,KN,autumn,10,1,9.333625973259243
3,ResNet34,NICO++,KN,autumn,10,1,9.333625973259243
3,ResNet34,NICO++,KN,autumn,10,1,9.333625973259243
3,ResNet34,NICO++,KN,autumn,10,1,9.333625973259243
3,ResNet34,NICO++,KN,autumn,10,1,9.333625973259243
4,ResNet34,NICO++,KN,rock,10,1,9.93674088320532
4,ResNet34,NICO++,KN,rock,10,1,9.93674088320532
4,ResNet34,NICO++,KN,rock,10,1,9.93674088320532
4,ResNet34,NICO++,KN,rock,10,1,9.93674088320532
4,ResNet34,NICO++,KN,rock,10,1,9.93674088320532
4,ResNet34,NICO++,KN,rock,10,1,9.93674088320532
4,ResNet34,NICO++,KN,rock,10,1,9.93674088320532
4,ResNet34,NICO++,KN,rock,10,1,9.93674088320532
4,ResNet34,NICO++,KN,rock,10,1,9.93674088320532
4,ResNet34,NICO++,KN,rock,10,1,9.93674088320532
5,ResNet34,NICO++,KN,grass,10,1,9.498886950657667
5,ResNet34,NICO++,KN,grass,10,1,9.498886950657667
5,ResNet34,NICO++,KN,grass,10,1,9.498886950657667
5,ResNet34,NICO++,KN,grass,10,1,9.498886950657667
5,ResNet34,NICO++,KN,grass,10,1,9.498886950657667
5,ResNet34,NICO++,KN,grass,10,1,9.498886950657667
5,ResNet34,NICO++,KN,grass,10,1,9.498886950657667
5,ResNet34,NICO++,KN,grass,10,1,9.498886950657667
5,ResNet34,NICO++,KN,grass,10,1,9.498886950657667
5,ResNet34,NICO++,KN,grass,10,1,9.498886950657667
6,ResNet34,NICO++,KN,water,20,1,10.569500529096054
6,ResNet34,NICO++,KN,water,20,1,10.569500529096054
6,ResNet34,NICO++,KN,water,20,1,10.569500529096054
6,ResNet34,NICO++,KN,water,20,1,10.569500529096054
6,ResNet34,NICO++,KN,water,20,0.5712903916705239,10.569500529096054
6,ResNet34,NICO++,KN,water,20,1,10.569500529096054
6,ResNet34,NICO++,KN,water,20,1,10.569500529096054
6,ResNet34,NICO++,KN,water,20,1,10.569500529096054
6,ResNet34,NICO++,KN,water,20,1,10.569500529096054
6,ResNet34,NICO++,KN,water,20,1,10.569500529096054
7,ResNet34,NICO++,KN,outdoor,20,1,9.76901287219384
7,ResNet34,NICO++,KN,outdoor,20,1,9.76901287219384
7,ResNet34,NICO++,KN,outdoor,20,0.5712903916705239,9.76901287219384
7,ResNet34,NICO++,KN,outdoor,20,1,9.76901287219384
7,ResNet34,NICO++,KN,outdoor,20,1,9.76901287219384
7,ResNet34,NICO++,KN,outdoor,20,1,9.76901287219384
7,ResNet34,NICO++,KN,outdoor,20,0.5712903916705239,9.76901287219384
7,ResNet34,NICO++,KN,outdoor,20,1,9.76901287219384
7,ResNet34,NICO++,KN,outdoor,20,1,9.76901287219384
7,ResNet34,NICO++,KN,outdoor,20,1,9.76901287219384
8,ResNet34,NICO++,KN,dim,20,1,4.829567806968243
8,ResNet34,NICO++,KN,dim,20,1,4.829567806968243
8,ResNet34,NICO++,KN,dim,20,1,4.829567806968243
8,ResNet34,NICO++,KN,dim,20,1,4.829567806968243
8,ResNet34,NICO++,KN,dim,20,1,4.829567806968243
8,ResNet34,NICO++,KN,dim,20,1,4.829567806968243
8,ResNet34,NICO++,KN,dim,20,1,4.829567806968243
8,ResNet34,NICO++,KN,dim,20,1,4.829567806968243
8,ResNet34,NICO++,KN,dim,20,1,4.829567806968243
8,ResNet34,NICO++,KN,dim,20,1,4.829567806968243
9,ResNet34,NICO++,KN,autumn,20,1,9.29897505380031
9,ResNet34,NICO++,KN,autumn,20,1,9.29897505380031
9,ResNet34,NICO++,KN,autumn,20,1,9.29897505380031
9,ResNet34,NICO++,KN,autumn,20,0.5712903916705239,9.29897505380031
9,ResNet34,NICO++,KN,autumn,20,1,9.29897505380031
9,ResNet34,NICO++,KN,autumn,20,1,9.29897505380031
9,ResNet34,NICO++,KN,autumn,20,1,9.29897505380031
9,ResNet34,NICO++,KN,autumn,20,1,9.29897505380031
9,ResNet34,NICO++,KN,autumn,20,1,9.29897505380031
9,ResNet34,NICO++,KN,autumn,20,1,9.29897505380031
10,ResNet34,NICO++,KN,rock,20,1,10.037150998719886
10,ResNet34,NICO++,KN,rock,20,1,10.037150998719886
10,ResNet34,NICO++,KN,rock,20,0.13849464040497547,10.037150998719886
10,ResNet34,NICO++,KN,rock,20,0.5712903916705239,10.037150998719886
10,ResNet34,NICO++,KN,rock,20,1,10.037150998719886
10,ResNet34,NICO++,KN,rock,20,1,10.037150998719886
10,ResNet34,NICO++,KN,rock,20,1,10.037150998719886
10,ResNet34,NICO++,KN,rock,20,1,10.037150998719886
10,ResNet34,NICO++,KN,rock,20,1,10.037150998719886
10,ResNet34,NICO++,KN,rock,20,1,10.037150998719886
11,ResNet34,NICO++,KN,grass,20,1,9.55550367475062
11,ResNet34,NICO++,KN,grass,20,1,9.55550367475062
11,ResNet34,NICO++,KN,grass,20,1,9.55550367475062
11,ResNet34,NICO++,KN,grass,20,1,9.55550367475062
11,ResNet34,NICO++,KN,grass,20,1,9.55550367475062
11,ResNet34,NICO++,KN,grass,20,1,9.55550367475062
11,ResNet34,NICO++,KN,grass,20,1,9.55550367475062
11,ResNet34,NICO++,KN,grass,20,1,9.55550367475062
11,ResNet34,NICO++,KN,grass,20,1,9.55550367475062
11,ResNet34,NICO++,KN,grass,20,1,9.55550367475062
12,ResNet34,NICO++,KN,water,50,0.6731640848980887,10.519757861712488
12,ResNet34,NICO++,KN,water,50,0.6731640848980887,10.519757861712488
12,ResNet34,NICO++,KN,water,50,1,10.519757861712488
12,ResNet34,NICO++,KN,water,50,1,10.519757861712488
12,ResNet34,NICO++,KN,water,50,0.6731640848980887,10.519757861712488
12,ResNet34,NICO++,KN,water,50,1,10.519757861712488
12,ResNet34,NICO++,KN,water,50,0.6731640848980887,10.519757861712488
12,ResNet34,NICO++,KN,water,50,1,10.519757861712488
12,ResNet34,NICO++,KN,water,50,0.6731640848980887,10.519757861712488
12,ResNet34,NICO++,KN,water,50,1,10.519757861712488
13,ResNet34,NICO++,KN,outdoor,50,1,9.796348729480577
13,ResNet34,NICO++,KN,outdoor,50,1,9.796348729480577
13,ResNet34,NICO++,KN,outdoor,50,1,9.796348729480577
13,ResNet34,NICO++,KN,outdoor,50,1,9.796348729480577
13,ResNet34,NICO++,KN,outdoor,50,1,9.796348729480577
13,ResNet34,NICO++,KN,outdoor,50,0.6731640848980887,9.796348729480577
13,ResNet34,NICO++,KN,outdoor,50,1,9.796348729480577
13,ResNet34,NICO++,KN,outdoor,50,0.6731640848980887,9.796348729480577
13,ResNet34,NICO++,KN,outdoor,50,1,9.796348729480577
13,ResNet34,NICO++,KN,outdoor,50,0.6731640848980887,9.796348729480577
14,ResNet34,NICO++,KN,dim,50,1,4.833683167390655
14,ResNet34,NICO++,KN,dim,50,1,4.833683167390655
14,ResNet34,NICO++,KN,dim,50,1,4.833683167390655
14,ResNet34,NICO++,KN,dim,50,1,4.833683167390655
14,ResNet34,NICO++,KN,dim,50,1,4.833683167390655
14,ResNet34,NICO++,KN,dim,50,1,4.833683167390655
14,ResNet34,NICO++,KN,dim,50,1,4.833683167390655
14,ResNet34,NICO++,KN,dim,50,1,4.833683167390655
14,ResNet34,NICO++,KN,dim,50,1,4.833683167390655
14,ResNet34,NICO++,KN,dim,50,1,4.833683167390655
15,ResNet34,NICO++,KN,autumn,50,0.29811552331655644,9.321580713940879
15,ResNet34,NICO++,KN,autumn,50,0.29811552331655644,9.321580713940879
15,ResNet34,NICO++,KN,autumn,50,0.12596430562678634,9.321580713940879
15,ResNet34,NICO++,KN,autumn,50,0.12596430562678634,9.321580713940879
15,ResNet34,NICO++,KN,autumn,50,0.6731640848980887,9.321580713940879
15,ResNet34,NICO++,KN,autumn,50,0.29811552331655644,9.321580713940879
15,ResNet34,NICO++,KN,autumn,50,1,9.321580713940879
15,ResNet34,NICO++,KN,autumn,50,0.12596430562678634,9.321580713940879
15,ResNet34,NICO++,KN,autumn,50,0.6731640848980887,9.321580713940879
15,ResNet34,NICO++,KN,autumn,50,0.6731640848980887,9.321580713940879
16,ResNet34,NICO++,KN,rock,50,0.12596430562678634,9.940813641089086
16,ResNet34,NICO++,KN,rock,50,0.12596430562678634,9.940813641089086
16,ResNet34,NICO++,KN,rock,50,0.05073562309967858,9.940813641089086
16,ResNet34,NICO++,KN,rock,50,1,9.940813641089086
16,ResNet34,NICO++,KN,rock,50,1,9.940813641089086
16,ResNet34,NICO++,KN,rock,50,1,9.940813641089086
16,ResNet34,NICO++,KN,rock,50,1,9.940813641089086
16,ResNet34,NICO++,KN,rock,50,1,9.940813641089086
16,ResNet34,NICO++,KN,rock,50,0.6731640848980887,9.940813641089086
16,ResNet34,NICO++,KN,rock,50,1,9.940813641089086
17,ResNet34,NICO++,KN,grass,50,1,9.525501355243055
17,ResNet34,NICO++,KN,grass,50,0.12596430562678634,9.525501355243055
17,ResNet34,NICO++,KN,grass,50,0.6731640848980887,9.525501355243055
17,ResNet34,NICO++,KN,grass,50,0.29811552331655644,9.525501355243055
17,ResNet34,NICO++,KN,grass,50,0.6731640848980887,9.525501355243055
17,ResNet34,NICO++,KN,grass,50,0.6731640848980887,9.525501355243055
17,ResNet34,NICO++,KN,grass,50,0.6731640848980887,9.525501355243055
17,ResNet34,NICO++,KN,grass,50,0.6731640848980887,9.525501355243055
17,ResNet34,NICO++,KN,grass,50,0.6731640848980887,9.525501355243055
17,ResNet34,NICO++,KN,grass,50,0.6731640848980887,9.525501355243055
18,ResNet34,NICO++,KN,water,100,0.6622750608065217,10.505098512144814
18,ResNet34,NICO++,KN,water,100,0.21081139291843148,10.505098512144814
18,ResNet34,NICO++,KN,water,100,0.21081139291843148,10.505098512144814
18,ResNet34,NICO++,KN,water,100,1,10.505098512144814
18,ResNet34,NICO++,KN,water,100,1,10.505098512144814
18,ResNet34,NICO++,KN,water,100,0.11513545305561493,10.505098512144814
18,ResNet34,NICO++,KN,water,100,1,10.505098512144814
18,ResNet34,NICO++,KN,water,100,0.11513545305561493,10.505098512144814
18,ResNet34,NICO++,KN,water,100,1,10.505098512144814
18,ResNet34,NICO++,KN,water,100,0.06152276117476707,10.505098512144814
19,ResNet34,NICO++,KN,outdoor,100,0.11513545305561493,9.744348656025025
19,ResNet34,NICO++,KN,outdoor,100,0.06152276117476707,9.744348656025025
19,ResNet34,NICO++,KN,outdoor,100,0.21081139291843148,9.744348656025025
19,ResNet34,NICO++,KN,outdoor,100,0.03215962515953799,9.744348656025025
19,ResNet34,NICO++,KN,outdoor,100,0.37770374564164594,9.744348656025025
19,ResNet34,NICO++,KN,outdoor,100,0.37770374564164594,9.744348656025025
19,ResNet34,NICO++,KN,outdoor,100,0.11513545305561493,9.744348656025025
19,ResNet34,NICO++,KN,outdoor,100,0.06152276117476707,9.744348656025025
19,ResNet34,NICO++,KN,outdoor,100,0.11513545305561493,9.744348656025025
19,ResNet34,NICO++,KN,outdoor,100,0.21081139291843148,9.744348656025025
20,ResNet34,NICO++,KN,dim,100,1,4.86655840688805
20,ResNet34,NICO++,KN,dim,100,1,4.86655840688805
20,ResNet34,NICO++,KN,dim,100,1,4.86655840688805
20,ResNet34,NICO++,KN,dim,100,1,4.86655840688805
20,ResNet34,NICO++,KN,dim,100,1,4.86655840688805
20,ResNet34,NICO++,KN,dim,100,1,4.86655840688805
20,ResNet34,NICO++,KN,dim,100,1,4.86655840688805
20,ResNet34,NICO++,KN,dim,100,1,4.86655840688805
20,ResNet34,NICO++,KN,dim,100,1,4.86655840688805
20,ResNet34,NICO++,KN,dim,100,1,4.86655840688805
21,ResNet34,NICO++,KN,autumn,100,0.11513545305561493,9.314140208219518
21,ResNet34,NICO++,KN,autumn,100,0.37770374564164594,9.314140208219518
21,ResNet34,NICO++,KN,autumn,100,0.37770374564164594,9.314140208219518
21,ResNet34,NICO++,KN,autumn,100,0.016442515119162313,9.314140208219518
21,ResNet34,NICO++,KN,autumn,100,0.37770374564164594,9.314140208219518
21,ResNet34,NICO++,KN,autumn,100,0.11513545305561493,9.314140208219518
21,ResNet34,NICO++,KN,autumn,100,0.6622750608065217,9.314140208219518
21,ResNet34,NICO++,KN,autumn,100,0.06152276117476707,9.314140208219518
21,ResNet34,NICO++,KN,autumn,100,0.03215962515953799,9.314140208219518
21,ResNet34,NICO++,KN,autumn,100,0.37770374564164594,9.314140208219518
22,ResNet34,NICO++,KN,rock,100,0.37770374564164594,9.961587200196584
22,ResNet34,NICO++,KN,rock,100,0.37770374564164594,9.961587200196584
22,ResNet34,NICO++,KN,rock,100,1,9.961587200196584
22,ResNet34,NICO++,KN,rock,100,0.06152276117476707,9.961587200196584
22,ResNet34,NICO++,KN,rock,100,0.11513545305561493,9.961587200196584
22,ResNet34,NICO++,KN,rock,100,0.03215962515953799,9.961587200196584
22,ResNet34,NICO++,KN,rock,100,0.06152276117476707,9.961587200196584
22,ResNet34,NICO++,KN,rock,100,0.06152276117476707,9.961587200196584
22,ResNet34,NICO++,KN,rock,100,0.03215962515953799,9.961587200196584
22,ResNet34,NICO++,KN,rock,100,0.11513545305561493,9.961587200196584
23,ResNet34,NICO++,KN,grass,100,0.21081139291843148,9.513376473626463
23,ResNet34,NICO++,KN,grass,100,1,9.513376473626463
23,ResNet34,NICO++,KN,grass,100,0.06152276117476707,9.513376473626463
23,ResNet34,NICO++,KN,grass,100,0.03215962515953799,9.513376473626463
23,ResNet34,NICO++,KN,grass,100,0.37770374564164594,9.513376473626463
23,ResNet34,NICO++,KN,grass,100,0.37770374564164594,9.513376473626463
23,ResNet34,NICO++,KN,grass,100,0.03215962515953799,9.513376473626463
23,ResNet34,NICO++,KN,grass,100,1,9.513376473626463
23,ResNet34,NICO++,KN,grass,100,1,9.513376473626463
23,ResNet34,NICO++,KN,grass,100,0.03215962515953799,9.513376473626463
24,ResNet34,NICO++,KN,water,200,0.02431379402810223,10.54044815895823
24,ResNet34,NICO++,KN,water,200,0.038588344070406885,10.54044815895823
24,ResNet34,NICO++,KN,water,200,0.015159207612662975,10.54044815895823
24,ResNet34,NICO++,KN,water,200,0.015159207612662975,10.54044815895823
24,ResNet34,NICO++,KN,water,200,0.02431379402810223,10.54044815895823
24,ResNet34,NICO++,KN,water,200,0.060603489084930455,10.54044815895823
24,ResNet34,NICO++,KN,water,200,0.060603489084930455,10.54044815895823
24,ResNet34,NICO++,KN,water,200,0.0007127576540782824,10.54044815895823
24,ResNet34,NICO++,KN,water,200,0.015159207612662975,10.54044815895823
24,ResNet34,NICO++,KN,water,200,0.060603489084930455,10.54044815895823
25,ResNet34,NICO++,KN,outdoor,200,0.038588344070406885,9.709737267028116
25,ResNet34,NICO++,KN,outdoor,200,3.5151778475454503e-06,9.709737267028116
25,ResNet34,NICO++,KN,outdoor,200,0.000412501476966565,9.709737267028116
25,ResNet34,NICO++,KN,outdoor,200,7.495413367517321e-05,9.709737267028116
25,ResNet34,NICO++,KN,outdoor,200,0.015159207612662975,9.709737267028116
25,ResNet34,NICO++,KN,outdoor,200,0.038588344070406885,9.709737267028116
25,ResNet34,NICO++,KN,outdoor,200,0.003448239562654078,9.709737267028116
25,ResNet34,NICO++,KN,outdoor,200,0.038588344070406885,9.709737267028116
25,ResNet34,NICO++,KN,outdoor,200,0.09418631424662173,9.709737267028116
25,ResNet34,NICO++,KN,outdoor,200,0.009352253083618697,9.709737267028116
26,ResNet34,NICO++,KN,dim,200,1,4.815398404050686
26,ResNet34,NICO++,KN,dim,200,1,4.815398404050686
26,ResNet34,NICO++,KN,dim,200,1,4.815398404050686
26,ResNet34,NICO++,KN,dim,200,0.49503699533450674,4.815398404050686
26,ResNet34,NICO++,KN,dim,200,0.7303323572071353,4.815398404050686
26,ResNet34,NICO++,KN,dim,200,0.33208731771804056,4.815398404050686
26,ResNet34,NICO++,KN,dim,200,1,4.815398404050686
26,ResNet34,NICO++,KN,dim,200,1,4.815398404050686
26,ResNet34,NICO++,KN,dim,200,1,4.815398404050686
26,ResNet34,NICO++,KN,dim,200,1,4.815398404050686
27,ResNet34,NICO++,KN,autumn,200,0.005709005898433904,9.404414909258726
27,ResNet34,NICO++,KN,autumn,200,0.02431379402810223,9.404414909258726
27,ResNet34,NICO++,KN,autumn,200,6.62573090688423e-06,9.404414909258726
27,ResNet34,NICO++,KN,autumn,200,0.009352253083618697,9.404414909258726
27,ResNet34,NICO++,KN,autumn,200,0.038588344070406885,9.404414909258726
27,ResNet34,NICO++,KN,autumn,200,0.015159207612662975,9.404414909258726
27,ResNet34,NICO++,KN,autumn,200,0.005709005898433904,9.404414909258726
27,ResNet34,NICO++,KN,autumn,200,0.060603489084930455,9.404414909258726
27,ResNet34,NICO++,KN,autumn,200,0.015159207612662975,9.404414909258726
27,ResNet34,NICO++,KN,autumn,200,0.038588344070406885,9.404414909258726
28,ResNet34,NICO++,KN,rock,200,0.060603489084930455,9.977771973049872
28,ResNet34,NICO++,KN,rock,200,0.0020607009338570186,9.977771973049872
28,ResNet34,NICO++,KN,rock,200,0.009352253083618697,9.977771973049872
28,ResNet34,NICO++,KN,rock,200,0.0020607009338570186,9.977771973049872
28,ResNet34,NICO++,KN,rock,200,0.060603489084930455,9.977771973049872
28,ResNet34,NICO++,KN,rock,200,0.02431379402810223,9.977771973049872
28,ResNet34,NICO++,KN,rock,200,0.060603489084930455,9.977771973049872
28,ResNet34,NICO++,KN,rock,200,0.060603489084930455,9.977771973049872
28,ResNet34,NICO++,KN,rock,200,0.02431379402810223,9.977771973049872
28,ResNet34,NICO++,KN,rock,200,0.02431379402810223,9.977771973049872
29,ResNet34,NICO++,KN,grass,200,0.003448239562654078,9.484329045802674
29,ResNet34,NICO++,KN,grass,200,0.003448239562654078,9.484329045802674
29,ResNet34,NICO++,KN,grass,200,0.009352253083618697,9.484329045802674
29,ResNet34,NICO++,KN,grass,200,0.015159207612662975,9.484329045802674
29,ResNet34,NICO++,KN,grass,200,0.0020607009338570186,9.484329045802674
29,ResNet34,NICO++,KN,grass,200,0.0007127576540782824,9.484329045802674
29,ResNet34,NICO++,KN,grass,200,0.005709005898433904,9.484329045802674
29,ResNet34,NICO++,KN,grass,200,0.009352253083618697,9.484329045802674
29,ResNet34,NICO++,KN,grass,200,0.060603489084930455,9.484329045802674
29,ResNet34,NICO++,KN,grass,200,0.09418631424662173,9.484329045802674
30,ResNet34,NICO++,KN,water,500,0.001410450387156487,10.554503173728007
30,ResNet34,NICO++,KN,water,500,2.814639386625993e-06,10.554503173728007
30,ResNet34,NICO++,KN,water,500,1.697059279799353e-08,10.554503173728007
30,ResNet34,NICO++,KN,water,500,1.983329184439464e-05,10.554503173728007
30,ResNet34,NICO++,KN,water,500,0.0002564713952009847,10.554503173728007
30,ResNet34,NICO++,KN,water,500,6.223284678148981e-06,10.554503173728007
30,ResNet34,NICO++,KN,water,500,2.814639386625993e-06,10.554503173728007
30,ResNet34,NICO++,KN,water,500,0.00012600668353435072,10.554503173728007
30,ResNet34,NICO++,KN,water,500,0.00012600668353435072,10.554503173728007
30,ResNet34,NICO++,KN,water,500,0.00012600668353435072,10.554503173728007
31,ResNet34,NICO++,KN,outdoor,500,0.0002564713952009847,9.757442159959057
31,ResNet34,NICO++,KN,outdoor,500,4.2070857938606594e-05,9.757442159959057
31,ResNet34,NICO++,KN,outdoor,500,4.1478848722802604e-08,9.757442159959057
31,ResNet34,NICO++,KN,outdoor,500,8.777753717392906e-05,9.757442159959057
31,ResNet34,NICO++,KN,outdoor,500,8.777753717392906e-05,9.757442159959057
31,ResNet34,NICO++,KN,outdoor,500,4.2070857938606594e-05,9.757442159959057
31,ResNet34,NICO++,KN,outdoor,500,0.00018014062281973927,9.757442159959057
31,ResNet34,NICO++,KN,outdoor,500,4.193952717883009e-06,9.757442159959057
31,ResNet34,NICO++,KN,outdoor,500,0.00018014062281973927,9.757442159959057
31,ResNet34,NICO++,KN,outdoor,500,4.2070857938606594e-05,9.757442159959057
32,ResNet34,NICO++,KN,dim,500,0.12687692928269714,4.809102705220533
32,ResNet34,NICO++,KN,dim,500,0.7567963915262449,4.809102705220533
32,ResNet34,NICO++,KN,dim,500,0.041814649622007635,4.809102705220533
32,ResNet34,NICO++,KN,dim,500,0.001959145883830729,4.809102705220533
32,ResNet34,NICO++,KN,dim,500,0.09672132109058143,4.809102705220533
32,ResNet34,NICO++,KN,dim,500,0.9610112904894174,4.809102705220533
32,ResNet34,NICO++,KN,dim,500,0.07343341074014992,4.809102705220533
32,ResNet34,NICO++,KN,dim,500,0.7567963915262449,4.809102705220533
32,ResNet34,NICO++,KN,dim,500,0.36071382548091746,4.809102705220533
32,ResNet34,NICO++,KN,dim,500,0.16575856890130033,4.809102705220533
33,ResNet34,NICO++,KN,autumn,500,9.969398318981128e-08,9.331346849800347
33,ResNet34,NICO++,KN,autumn,500,1.8811173233950385e-06,9.331346849800347
33,ResNet34,NICO++,KN,autumn,500,1.0786863722907652e-08,9.331346849800347
33,ResNet34,NICO++,KN,autumn,500,1.0506239665439132e-09,9.331346849800347
33,ResNet34,NICO++,KN,autumn,500,8.298083615177588e-07,9.331346849800347
33,ResNet34,NICO++,KN,autumn,500,2.469241699487655e-10,9.331346849800347
33,ResNet34,NICO++,KN,autumn,500,1.353330502323399e-05,9.331346849800347
33,ResNet34,NICO++,KN,autumn,500,1.5358946141171433e-07,9.331346849800347
33,ResNet34,NICO++,KN,autumn,500,1.5358946141171433e-07,9.331346849800347
33,ResNet34,NICO++,KN,autumn,500,1.983329184439464e-05,9.331346849800347
34,ResNet34,NICO++,KN,rock,500,8.777753717392906e-05,10.049924740353916
34,ResNet34,NICO++,KN,rock,500,1.5358946141171433e-07,10.049924740353916
34,ResNet34,NICO++,KN,rock,500,5.477010412671111e-07,10.049924740353916
34,ResNet34,NICO++,KN,rock,500,2.8945885394521905e-05,10.049924740353916
34,ResNet34,NICO++,KN,rock,500,2.356334521911364e-07,10.049924740353916
34,ResNet34,NICO++,KN,rock,500,6.223284678148981e-06,10.049924740353916
34,ResNet34,NICO++,KN,rock,500,0.0005134831701532224,10.049924740353916
34,ResNet34,NICO++,KN,rock,500,1.251991562991706e-06,10.049924740353916
34,ResNet34,NICO++,KN,rock,500,1.983329184439464e-05,10.049924740353916
34,ResNet34,NICO++,KN,rock,500,6.089473814096602e-05,10.049924740353916
35,ResNet34,NICO++,KN,grass,500,4.2070857938606594e-05,9.56994221352019
35,ResNet34,NICO++,KN,grass,500,9.196289487264707e-06,9.56994221352019
35,ResNet34,NICO++,KN,grass,500,2.8945885394521905e-05,9.56994221352019
35,ResNet34,NICO++,KN,grass,500,1.983329184439464e-05,9.56994221352019
35,ResNet34,NICO++,KN,grass,500,1.5358946141171433e-07,9.56994221352019
35,ResNet34,NICO++,KN,grass,500,1.251991562991706e-06,9.56994221352019
35,ResNet34,NICO++,KN,grass,500,8.777753717392906e-05,9.56994221352019
35,ResNet34,NICO++,KN,grass,500,2.356334521911364e-07,9.56994221352019
35,ResNet34,NICO++,KN,grass,500,8.777753717392906e-05,9.56994221352019
35,ResNet34,NICO++,KN,grass,500,2.356334521911364e-07,9.56994221352019
36,ResNet34,NICO++,KN,water,1000,5.019574832721709e-10,10.538765323808635
36,ResNet34,NICO++,KN,water,1000,3.5608395680894066e-12,10.538765323808635
36,ResNet34,NICO++,KN,water,1000,3.119590372149486e-11,10.538765323808635
36,ResNet34,NICO++,KN,water,1000,7.401538920691298e-12,10.538765323808635
36,ResNet34,NICO++,KN,water,1000,2.576665330569516e-13,10.538765323808635
36,ResNet34,NICO++,KN,water,1000,1.525818460254711e-11,10.538765323808635
36,ResNet34,NICO++,KN,water,1000,1.798506897066598e-10,10.538765323808635
36,ResNet34,NICO++,KN,water,1000,7.038251386097187e-10,10.538765323808635
36,ResNet34,NICO++,KN,water,1000,1.525818460254711e-11,10.538765323808635
36,ResNet34,NICO++,KN,water,1000,3.710372867293641e-14,10.538765323808635
37,ResNet34,NICO++,KN,outdoor,1000,1.1699387584420674e-12,9.774133602356414
37,ResNet34,NICO++,KN,outdoor,1000,1.194277263160271e-13,9.774133602356414
37,ResNet34,NICO++,KN,outdoor,1000,1.2721520628568343e-10,9.774133602356414
37,ResNet34,NICO++,KN,outdoor,1000,8.979896914283536e-11,9.774133602356414
37,ResNet34,NICO++,KN,outdoor,1000,7.401538920691298e-12,9.774133602356414
37,ResNet34,NICO++,KN,outdoor,1000,6.325702511169066e-11,9.774133602356414
37,ResNet34,NICO++,KN,outdoor,1000,7.401538920691298e-12,9.774133602356414
37,ResNet34,NICO++,KN,outdoor,1000,5.0725367653061025e-15,9.774133602356414
37,ResNet34,NICO++,KN,outdoor,1000,5.019574832721709e-10,9.774133602356414
37,ResNet34,NICO++,KN,outdoor,1000,3.7729742340482197e-13,9.774133602356414
38,ResNet34,NICO++,KN,dim,1000,0.002273837172804811,4.848724813895354
38,ResNet34,NICO++,KN,dim,1000,0.001806833843143554,4.848724813895354
38,ResNet34,NICO++,KN,dim,1000,0.0014328386659337323,4.848724813895354
38,ResNet34,NICO++,KN,dim,1000,0.06834842445785645,4.848724813895354
38,ResNet34,NICO++,KN,dim,1000,0.001806833843143554,4.848724813895354
38,ResNet34,NICO++,KN,dim,1000,0.001806833843143554,4.848724813895354
38,ResNet34,NICO++,KN,dim,1000,0.03755991919180722,4.848724813895354
38,ResNet34,NICO++,KN,dim,1000,0.010740647861967025,4.848724813895354
38,ResNet34,NICO++,KN,dim,1000,0.0028557549160141598,4.848724813895354
38,ResNet34,NICO++,KN,dim,1000,0.0028557549160141598,4.848724813895354
39,ResNet34,NICO++,KN,autumn,1000,1.698991947002267e-12,9.28538306269521
39,ResNet34,NICO++,KN,autumn,1000,1.4992213723076675e-15,9.28538306269521
39,ResNet34,NICO++,KN,autumn,1000,4.3487143753374904e-16,9.28538306269521
39,ResNet34,NICO++,KN,autumn,1000,5.513276002520646e-13,9.28538306269521
39,ResNet34,NICO++,KN,autumn,1000,3.7729742340482197e-13,9.28538306269521
39,ResNet34,NICO++,KN,autumn,1000,9.944959726529665e-16,9.28538306269521
39,ResNet34,NICO++,KN,autumn,1000,2.576665330569516e-13,9.28538306269521
39,ResNet34,NICO++,KN,autumn,1000,3.119590372149486e-11,9.28538306269521
39,ResNet34,NICO++,KN,autumn,1000,8.979896914283536e-11,9.28538306269521
39,ResNet34,NICO++,KN,autumn,1000,6.583166862162909e-16,9.28538306269521
40,ResNet34,NICO++,KN,rock,1000,4.4468342759367223e-11,10.096402748696043
40,ResNet34,NICO++,KN,rock,1000,1.0638021834854727e-11,10.096402748696043
40,ResNet34,NICO++,KN,rock,1000,5.489696658672376e-14,10.096402748696043
40,ResNet34,NICO++,KN,rock,1000,1.525818460254711e-11,10.096402748696043
40,ResNet34,NICO++,KN,rock,1000,1.846613238727028e-08,10.096402748696043
40,ResNet34,NICO++,KN,rock,1000,7.038251386097187e-10,10.096402748696043
40,ResNet34,NICO++,KN,rock,1000,4.4468342759367223e-11,10.096402748696043
40,ResNet34,NICO++,KN,rock,1000,7.080462420575109e-09,10.096402748696043
40,ResNet34,NICO++,KN,rock,1000,2.2553993610936374e-15,10.096402748696043
40,ResNet34,NICO++,KN,rock,1000,1.525818460254711e-11,10.096402748696043
41,ResNet34,NICO++,KN,grass,1000,7.401538920691298e-12,9.54004024174402
41,ResNet34,NICO++,KN,grass,1000,1.75602990175788e-13,9.54004024174402
41,ResNet34,NICO++,KN,grass,1000,3.5725288800893603e-10,9.54004024174402
41,ResNet34,NICO++,KN,grass,1000,1.916466811741697e-09,9.54004024174402
41,ResNet34,NICO++,KN,grass,1000,3.710372867293641e-14,9.54004024174402
41,ResNet34,NICO++,KN,grass,1000,6.325702511169066e-11,9.54004024174402
41,ResNet34,NICO++,KN,grass,1000,9.848488450330236e-10,9.54004024174402
41,ResNet34,NICO++,KN,grass,1000,3.5608395680894066e-12,9.54004024174402
41,ResNet34,NICO++,KN,grass,1000,7.038251386097187e-10,9.54004024174402
41,ResNet34,NICO++,KN,grass,1000,2.5374115379096223e-10,9.54004024174402
42,ResNet34,NICO++,KN,water,10000,2.2655752961298586e-47,10.548951012563839
42,ResNet34,NICO++,KN,water,10000,5.2692238081099504e-39,10.548951012563839
42,ResNet34,NICO++,KN,water,10000,2.5495203771417616e-46,10.548951012563839
42,ResNet34,NICO++,KN,water,10000,1.5997920627269703e-47,10.548951012563839
42,ResNet34,NICO++,KN,water,10000,1.1411960658565826e-43,10.548951012563839
42,ResNet34,NICO++,KN,water,10000,1.8618874411080296e-38,10.548951012563839
42,ResNet34,NICO++,KN,water,10000,2.224599480373085e-43,10.548951012563839
42,ResNet34,NICO++,KN,water,10000,5.841690291093979e-44,10.548951012563839
42,ResNet34,NICO++,KN,water,10000,5.066728087138989e-46,10.548951012563839
42,ResNet34,NICO++,KN,water,10000,1.1692633109722744e-42,10.548951012563839
43,ResNet34,NICO++,KN,outdoor,10000,5.853201802405629e-37,9.742097330004336
43,ResNet34,NICO++,KN,outdoor,10000,2.157079738877817e-35,9.742097330004336
43,ResNet34,NICO++,KN,outdoor,10000,4.122933159218247e-35,9.742097330004336
43,ResNet34,NICO++,KN,outdoor,10000,1.084460578429647e-34,9.742097330004336
43,ResNet34,NICO++,KN,outdoor,10000,2.8367343940177802e-34,9.742097330004336
43,ResNet34,NICO++,KN,outdoor,10000,1.1257909946589664e-35,9.742097330004336
43,ResNet34,NICO++,KN,outdoor,10000,2.8367343940177802e-34,9.742097330004336
43,ResNet34,NICO++,KN,outdoor,10000,1.2566854854153494e-32,9.742097330004336
43,ResNet34,NICO++,KN,outdoor,10000,5.671588175537148e-38,9.742097330004336
43,ResNet34,NICO++,KN,outdoor,10000,4.863904791133653e-40,9.742097330004336
44,ResNet34,NICO++,KN,dim,10000,1.1646914910584273e-07,4.845480535772288
44,ResNet34,NICO++,KN,dim,10000,7.921831399978864e-08,4.845480535772288
44,ResNet34,NICO++,KN,dim,10000,5.268901713959112e-07,4.845480535772288
44,ResNet34,NICO++,KN,dim,10000,6.52935441919082e-06,4.845480535772288
44,ResNet34,NICO++,KN,dim,10000,4.375311423276669e-07,4.845480535772288
44,ResNet34,NICO++,KN,dim,10000,2.706103997998352e-06,4.845480535772288
44,ResNet34,NICO++,KN,dim,10000,6.034677536120125e-10,4.845480535772288
44,ResNet34,NICO++,KN,dim,10000,3.858387519874943e-06,4.845480535772288
44,ResNet34,NICO++,KN,dim,10000,2.4448204694322e-08,4.845480535772288
44,ResNet34,NICO++,KN,dim,10000,3.630338954648455e-07,4.845480535772288
45,ResNet34,NICO++,KN,autumn,10000,7.072058373398566e-19,9.304609993082137
45,ResNet34,NICO++,KN,autumn,10000,3.47848834700755e-20,9.304609993082137
45,ResNet34,NICO++,KN,autumn,10000,2.158073531871535e-23,9.304609993082137
45,ResNet34,NICO++,KN,autumn,10000,1.2488033961316857e-20,9.304609993082137
45,ResNet34,NICO++,KN,autumn,10000,1.6467604149661418e-24,9.304609993082137
45,ResNet34,NICO++,KN,autumn,10000,2.386416439735446e-24,9.304609993082137
45,ResNet34,NICO++,KN,autumn,10000,2.3676763829561897e-28,9.304609993082137
45,ResNet34,NICO++,KN,autumn,10000,3.6916708572623667e-25,9.304609993082137
45,ResNet34,NICO++,KN,autumn,10000,1.5896944832256402e-28,9.304609993082137
45,ResNet34,NICO++,KN,autumn,10000,2.475046767376666e-20,9.304609993082137
46,ResNet34,NICO++,KN,rock,10000,7.299786431865588e-22,9.952545600755075
46,ResNet34,NICO++,KN,rock,10000,1.484193255133992e-23,9.952545600755075
46,ResNet34,NICO++,KN,rock,10000,1.4380615122234398e-24,9.952545600755075
46,ResNet34,NICO++,KN,rock,10000,1.4380615122234398e-24,9.952545600755075
46,ResNet34,NICO++,KN,rock,10000,2.0221710541639138e-22,9.952545600755075
46,ResNet34,NICO++,KN,rock,10000,1.4380615122234398e-24,9.952545600755075
46,ResNet34,NICO++,KN,rock,10000,2.0251889550286414e-27,9.952545600755075
46,ResNet34,NICO++,KN,rock,10000,2.0251889550286414e-27,9.952545600755075
46,ResNet34,NICO++,KN,rock,10000,5.4886248737613434e-24,9.952545600755075
46,ResNet34,NICO++,KN,rock,10000,1.0264707076017815e-24,9.952545600755075
47,ResNet34,NICO++,KN,grass,10000,1.3380588894810672e-39,9.510902987926746
47,ResNet34,NICO++,KN,grass,10000,1.2601217505845792e-47,9.510902987926746
47,ResNet34,NICO++,KN,grass,10000,1.6639234052155147e-41,9.510902987926746
47,ResNet34,NICO++,KN,grass,10000,8.25814742109961e-49,9.510902987926746
47,ResNet34,NICO++,KN,grass,10000,5.108907696299078e-44,9.510902987926746
47,ResNet34,NICO++,KN,grass,10000,3.6867625606866125e-44,9.510902987926746
47,ResNet34,NICO++,KN,grass,10000,2.922185858066563e-60,9.510902987926746
47,ResNet34,NICO++,KN,grass,10000,4.568975466935742e-51,9.510902987926746
47,ResNet34,NICO++,KN,grass,10000,1.0813616244039164e-36,9.510902987926746
47,ResNet34,NICO++,KN,grass,10000,1.2668659167192911e-54,9.510902987926746
0,ResNet34,NICO++,Vanilla,water,10,1,10.542317235041505
0,ResNet34,NICO++,Vanilla,water,10,0.028731749358521252,10.542317235041505
0,ResNet34,NICO++,Vanilla,water,10,0.04394187343508759,10.542317235041505
0,ResNet34,NICO++,Vanilla,water,10,1,10.542317235041505
0,ResNet34,NICO++,Vanilla,water,10,0.006893624254686863,10.542317235041505
0,ResNet34,NICO++,Vanilla,water,10,0.007198428683638049,10.542317235041505
0,ResNet34,NICO++,Vanilla,water,10,0.22818653339885472,10.542317235041505
0,ResNet34,NICO++,Vanilla,water,10,0.27887131686471095,10.542317235041505
0,ResNet34,NICO++,Vanilla,water,10,0.2822014245726877,10.542317235041505
0,ResNet34,NICO++,Vanilla,water,10,0.21429588837080463,10.542317235041505
1,ResNet34,NICO++,Vanilla,outdoor,10,0.037033610110488016,9.790607686780636
1,ResNet34,NICO++,Vanilla,outdoor,10,0.14232868193354642,9.790607686780636
1,ResNet34,NICO++,Vanilla,outdoor,10,0.49157547802069845,9.790607686780636
1,ResNet34,NICO++,Vanilla,outdoor,10,1,9.790607686780636
1,ResNet34,NICO++,Vanilla,outdoor,10,0.015809460437445383,9.790607686780636
1,ResNet34,NICO++,Vanilla,outdoor,10,0.43750448606066483,9.790607686780636
1,ResNet34,NICO++,Vanilla,outdoor,10,0.21192625182629568,9.790607686780636
1,ResNet34,NICO++,Vanilla,outdoor,10,0.08740049224376589,9.790607686780636
1,ResNet34,NICO++,Vanilla,outdoor,10,0.048937764210156234,9.790607686780636
1,ResNet34,NICO++,Vanilla,outdoor,10,0.18781136962379125,9.790607686780636
2,ResNet34,NICO++,Vanilla,dim,10,1,4.848205445248121
2,ResNet34,NICO++,Vanilla,dim,10,0.24601623241189208,4.848205445248121
2,ResNet34,NICO++,Vanilla,dim,10,1,4.848205445248121
2,ResNet34,NICO++,Vanilla,dim,10,0.3562454412356027,4.848205445248121
2,ResNet34,NICO++,Vanilla,dim,10,1,4.848205445248121
2,ResNet34,NICO++,Vanilla,dim,10,0.5157272540784004,4.848205445248121
2,ResNet34,NICO++,Vanilla,dim,10,0.03128052109435608,4.848205445248121
2,ResNet34,NICO++,Vanilla,dim,10,0.1660293022617139,4.848205445248121
2,ResNet34,NICO++,Vanilla,dim,10,0.6293578709560868,4.848205445248121
2,ResNet34,NICO++,Vanilla,dim,10,0.25445333587679764,4.848205445248121
3,ResNet34,NICO++,Vanilla,autumn,10,0.27198925923355705,9.333625973259243
3,ResNet34,NICO++,Vanilla,autumn,10,0.0020623181134085634,9.333625973259243
3,ResNet34,NICO++,Vanilla,autumn,10,0.02267838649287948,9.333625973259243
3,ResNet34,NICO++,Vanilla,autumn,10,0.21386532784422727,9.333625973259243
3,ResNet34,NICO++,Vanilla,autumn,10,0.006574822310774077,9.333625973259243
3,ResNet34,NICO++,Vanilla,autumn,10,0.0007645117226988406,9.333625973259243
3,ResNet34,NICO++,Vanilla,autumn,10,0.060873855660923765,9.333625973259243
3,ResNet34,NICO++,Vanilla,autumn,10,0.05807788981154768,9.333625973259243
3,ResNet34,NICO++,Vanilla,autumn,10,0.13216037979701814,9.333625973259243
3,ResNet34,NICO++,Vanilla,autumn,10,0.000448793337997474,9.333625973259243
4,ResNet34,NICO++,Vanilla,rock,10,0.4293129302867212,9.93674088320532
4,ResNet34,NICO++,Vanilla,rock,10,0.04797159795167948,9.93674088320532
4,ResNet34,NICO++,Vanilla,rock,10,0.14567917694813431,9.93674088320532
4,ResNet34,NICO++,Vanilla,rock,10,0.025866986182582034,9.93674088320532
4,ResNet34,NICO++,Vanilla,rock,10,0.02368265863013448,9.93674088320532
4,ResNet34,NICO++,Vanilla,rock,10,1,9.93674088320532
4,ResNet34,NICO++,Vanilla,rock,10,0.10543474398229535,9.93674088320532
4,ResNet34,NICO++,Vanilla,rock,10,0.42965148361880656,9.93674088320532
4,ResNet34,NICO++,Vanilla,rock,10,0.13323564975005317,9.93674088320532
4,ResNet34,NICO++,Vanilla,rock,10,0.02459976849499003,9.93674088320532
5,ResNet34,NICO++,Vanilla,grass,10,1,9.498886950657667
5,ResNet34,NICO++,Vanilla,grass,10,1,9.498886950657667
5,ResNet34,NICO++,Vanilla,grass,10,0.021995435743307642,9.498886950657667
5,ResNet34,NICO++,Vanilla,grass,10,0.20899472835930327,9.498886950657667
5,ResNet34,NICO++,Vanilla,grass,10,0.0840973060139007,9.498886950657667
5,ResNet34,NICO++,Vanilla,grass,10,0.012748720155175235,9.498886950657667
5,ResNet34,NICO++,Vanilla,grass,10,0.7050263445060798,9.498886950657667
5,ResNet34,NICO++,Vanilla,grass,10,0.006732468926687748,9.498886950657667
5,ResNet34,NICO++,Vanilla,grass,10,3.2653071183553715e-05,9.498886950657667
5,ResNet34,NICO++,Vanilla,grass,10,0.1117682438097094,9.498886950657667
6,ResNet34,NICO++,Vanilla,water,20,0.007257710500868302,10.569500529096054
6,ResNet34,NICO++,Vanilla,water,20,0.0022726306139352133,10.569500529096054
6,ResNet34,NICO++,Vanilla,water,20,0.12943734781895264,10.569500529096054
6,ResNet34,NICO++,Vanilla,water,20,0.00874975475767731,10.569500529096054
6,ResNet34,NICO++,Vanilla,water,20,0.004542639461584956,10.569500529096054
6,ResNet34,NICO++,Vanilla,water,20,0.0011476339740201988,10.569500529096054
6,ResNet34,NICO++,Vanilla,water,20,0.0013236351475716594,10.569500529096054
6,ResNet34,NICO++,Vanilla,water,20,0.3553927369867121,10.569500529096054
6,ResNet34,NICO++,Vanilla,water,20,0.07683496699667422,10.569500529096054
6,ResNet34,NICO++,Vanilla,water,20,0.005647633587112154,10.569500529096054
7,ResNet34,NICO++,Vanilla,outdoor,20,0.03954963183818007,9.76901287219384
7,ResNet34,NICO++,Vanilla,outdoor,20,0.0017319469501460567,9.76901287219384
7,ResNet34,NICO++,Vanilla,outdoor,20,0.027140818890243827,9.76901287219384
7,ResNet34,NICO++,Vanilla,outdoor,20,0.5169636997472062,9.76901287219384
7,ResNet34,NICO++,Vanilla,outdoor,20,0.0670557409149214,9.76901287219384
7,ResNet34,NICO++,Vanilla,outdoor,20,0.021293390497037306,9.76901287219384
7,ResNet34,NICO++,Vanilla,outdoor,20,0.011235293115440501,9.76901287219384
7,ResNet34,NICO++,Vanilla,outdoor,20,0.06964006386943224,9.76901287219384
7,ResNet34,NICO++,Vanilla,outdoor,20,0.009140439993893502,9.76901287219384
7,ResNet34,NICO++,Vanilla,outdoor,20,0.009151350569332053,9.76901287219384
8,ResNet34,NICO++,Vanilla,dim,20,1,4.829567806968243
8,ResNet34,NICO++,Vanilla,dim,20,1,4.829567806968243
8,ResNet34,NICO++,Vanilla,dim,20,0.0545168639599379,4.829567806968243
8,ResNet34,NICO++,Vanilla,dim,20,0.35387672981145196,4.829567806968243
8,ResNet34,NICO++,Vanilla,dim,20,1,4.829567806968243
8,ResNet34,NICO++,Vanilla,dim,20,0.6724460831143043,4.829567806968243
8,ResNet34,NICO++,Vanilla,dim,20,1,4.829567806968243
8,ResNet34,NICO++,Vanilla,dim,20,1,4.829567806968243
8,ResNet34,NICO++,Vanilla,dim,20,1,4.829567806968243
8,ResNet34,NICO++,Vanilla,dim,20,1,4.829567806968243
9,ResNet34,NICO++,Vanilla,autumn,20,0.0023991773886939947,9.29897505380031
9,ResNet34,NICO++,Vanilla,autumn,20,6.813715636366343e-05,9.29897505380031
9,ResNet34,NICO++,Vanilla,autumn,20,5.484584527471896e-05,9.29897505380031
9,ResNet34,NICO++,Vanilla,autumn,20,0.00011571427006640237,9.29897505380031
9,ResNet34,NICO++,Vanilla,autumn,20,2.0404705505552346e-06,9.29897505380031
9,ResNet34,NICO++,Vanilla,autumn,20,1.6121620408620277e-05,9.29897505380031
9,ResNet34,NICO++,Vanilla,autumn,20,0.00013924951673532053,9.29897505380031
9,ResNet34,NICO++,Vanilla,autumn,20,0.0013177150085142298,9.29897505380031
9,ResNet34,NICO++,Vanilla,autumn,20,3.863483237841448e-07,9.29897505380031
9,ResNet34,NICO++,Vanilla,autumn,20,0.00031252863929598455,9.29897505380031
10,ResNet34,NICO++,Vanilla,rock,20,0.0007823321222871684,10.037150998719886
10,ResNet34,NICO++,Vanilla,rock,20,0.0033944227237934603,10.037150998719886
10,ResNet34,NICO++,Vanilla,rock,20,0.005123830378299214,10.037150998719886
10,ResNet34,NICO++,Vanilla,rock,20,0.03387000551365823,10.037150998719886
10,ResNet34,NICO++,Vanilla,rock,20,0.0008544288978606628,10.037150998719886
10,ResNet34,NICO++,Vanilla,rock,20,0.003370300751811123,10.037150998719886
10,ResNet34,NICO++,Vanilla,rock,20,0.01163493507731376,10.037150998719886
10,ResNet34,NICO++,Vanilla,rock,20,0.011766595643970361,10.037150998719886
10,ResNet34,NICO++,Vanilla,rock,20,0.0022080642741617706,10.037150998719886
10,ResNet34,NICO++,Vanilla,rock,20,2.913899778874695e-05,10.037150998719886
11,ResNet34,NICO++,Vanilla,grass,20,0.04106137896438278,9.55550367475062
11,ResNet34,NICO++,Vanilla,grass,20,0.0005073960983983611,9.55550367475062
11,ResNet34,NICO++,Vanilla,grass,20,0.00026490028866284974,9.55550367475062
11,ResNet34,NICO++,Vanilla,grass,20,0.0007237502264647454,9.55550367475062
11,ResNet34,NICO++,Vanilla,grass,20,0.0030706722669771717,9.55550367475062
11,ResNet34,NICO++,Vanilla,grass,20,0.0012398020635467177,9.55550367475062
11,ResNet34,NICO++,Vanilla,grass,20,0.00022878597803687928,9.55550367475062
11,ResNet34,NICO++,Vanilla,grass,20,5.706435664919099e-06,9.55550367475062
11,ResNet34,NICO++,Vanilla,grass,20,0.02653727392726286,9.55550367475062
11,ResNet34,NICO++,Vanilla,grass,20,0.08429192324468589,9.55550367475062
12,ResNet34,NICO++,Vanilla,water,50,1.5407388357344338e-06,10.519757861712488
12,ResNet34,NICO++,Vanilla,water,50,2.0222723618796845e-07,10.519757861712488
12,ResNet34,NICO++,Vanilla,water,50,0.001023870287501978,10.519757861712488
12,ResNet34,NICO++,Vanilla,water,50,1.4457159961596805e-05,10.519757861712488
12,ResNet34,NICO++,Vanilla,water,50,3.0501309050831447e-05,10.519757861712488
12,ResNet34,NICO++,Vanilla,water,50,1.528737094414496e-05,10.519757861712488
12,ResNet34,NICO++,Vanilla,water,50,2.5694426258674227e-05,10.519757861712488
12,ResNet34,NICO++,Vanilla,water,50,4.5927863959122014e-08,10.519757861712488
12,ResNet34,NICO++,Vanilla,water,50,2.251508844367279e-07,10.519757861712488
12,ResNet34,NICO++,Vanilla,water,50,3.730332891000938e-10,10.519757861712488
13,ResNet34,NICO++,Vanilla,outdoor,50,8.512514322121921e-05,9.796348729480577
13,ResNet34,NICO++,Vanilla,outdoor,50,2.082083282647156e-08,9.796348729480577
13,ResNet34,NICO++,Vanilla,outdoor,50,0.00020313362697875516,9.796348729480577
13,ResNet34,NICO++,Vanilla,outdoor,50,0.0012076991640333867,9.796348729480577
13,ResNet34,NICO++,Vanilla,outdoor,50,6.0884340259908894e-05,9.796348729480577
13,ResNet34,NICO++,Vanilla,outdoor,50,6.482116193067549e-07,9.796348729480577
13,ResNet34,NICO++,Vanilla,outdoor,50,0.00013447408753829645,9.796348729480577
13,ResNet34,NICO++,Vanilla,outdoor,50,6.052239365176664e-07,9.796348729480577
13,ResNet34,NICO++,Vanilla,outdoor,50,1.1092551316826784e-07,9.796348729480577
13,ResNet34,NICO++,Vanilla,outdoor,50,7.475080699538757e-06,9.796348729480577
14,ResNet34,NICO++,Vanilla,dim,50,0.328355000408231,4.833683167390655
14,ResNet34,NICO++,Vanilla,dim,50,1,4.833683167390655
14,ResNet34,NICO++,Vanilla,dim,50,0.4462200271845074,4.833683167390655
14,ResNet34,NICO++,Vanilla,dim,50,0.08570454380046463,4.833683167390655
14,ResNet34,NICO++,Vanilla,dim,50,0.23701976995924323,4.833683167390655
14,ResNet34,NICO++,Vanilla,dim,50,0.7444819221410491,4.833683167390655
14,ResNet34,NICO++,Vanilla,dim,50,0.7117392140080112,4.833683167390655
14,ResNet34,NICO++,Vanilla,dim,50,1,4.833683167390655
14,ResNet34,NICO++,Vanilla,dim,50,0.08795181784006541,4.833683167390655
14,ResNet34,NICO++,Vanilla,dim,50,0.4254783880965396,4.833683167390655
15,ResNet34,NICO++,Vanilla,autumn,50,8.444598677435534e-09,9.321580713940879
15,ResNet34,NICO++,Vanilla,autumn,50,9.819327971510528e-11,9.321580713940879
15,ResNet34,NICO++,Vanilla,autumn,50,7.568999291008823e-10,9.321580713940879
15,ResNet34,NICO++,Vanilla,autumn,50,2.0029209182884293e-13,9.321580713940879
15,ResNet34,NICO++,Vanilla,autumn,50,9.594179613712083e-17,9.321580713940879
15,ResNet34,NICO++,Vanilla,autumn,50,9.41228037234619e-06,9.321580713940879
15,ResNet34,NICO++,Vanilla,autumn,50,4.24672076612096e-12,9.321580713940879
15,ResNet34,NICO++,Vanilla,autumn,50,9.549404627560562e-10,9.321580713940879
15,ResNet34,NICO++,Vanilla,autumn,50,1.511244213440209e-06,9.321580713940879
15,ResNet34,NICO++,Vanilla,autumn,50,1.2373187511827152e-13,9.321580713940879
16,ResNet34,NICO++,Vanilla,rock,50,1.5266460690365595e-08,9.940813641089086
16,ResNet34,NICO++,Vanilla,rock,50,4.5146032817397217e-07,9.940813641089086
16,ResNet34,NICO++,Vanilla,rock,50,6.651739089899617e-09,9.940813641089086
16,ResNet34,NICO++,Vanilla,rock,50,1.69617581000724e-05,9.940813641089086
16,ResNet34,NICO++,Vanilla,rock,50,3.4086247231076407e-07,9.940813641089086
16,ResNet34,NICO++,Vanilla,rock,50,1.843373344969013e-05,9.940813641089086
16,ResNet34,NICO++,Vanilla,rock,50,9.299329746534446e-07,9.940813641089086
16,ResNet34,NICO++,Vanilla,rock,50,1.5415270871533413e-14,9.940813641089086
16,ResNet34,NICO++,Vanilla,rock,50,1.6124001880057975e-07,9.940813641089086
16,ResNet34,NICO++,Vanilla,rock,50,2.897719493910468e-06,9.940813641089086
17,ResNet34,NICO++,Vanilla,grass,50,2.163978858331693e-09,9.525501355243055
17,ResNet34,NICO++,Vanilla,grass,50,4.148680697618149e-08,9.525501355243055
17,ResNet34,NICO++,Vanilla,grass,50,1.111403728684596e-08,9.525501355243055
17,ResNet34,NICO++,Vanilla,grass,50,7.578616799844616e-07,9.525501355243055
17,ResNet34,NICO++,Vanilla,grass,50,1.3300582745496984e-06,9.525501355243055
17,ResNet34,NICO++,Vanilla,grass,50,2.776317367458608e-06,9.525501355243055
17,ResNet34,NICO++,Vanilla,grass,50,3.834952193503321e-06,9.525501355243055
17,ResNet34,NICO++,Vanilla,grass,50,1.4740051925237573e-07,9.525501355243055
17,ResNet34,NICO++,Vanilla,grass,50,3.30965412234316e-05,9.525501355243055
17,ResNet34,NICO++,Vanilla,grass,50,2.3438900881058654e-11,9.525501355243055
18,ResNet34,NICO++,Vanilla,water,100,2.3536479679044333e-11,10.505098512144814
18,ResNet34,NICO++,Vanilla,water,100,2.2345151572901625e-12,10.505098512144814
18,ResNet34,NICO++,Vanilla,water,100,6.466373545342075e-12,10.505098512144814
18,ResNet34,NICO++,Vanilla,water,100,7.107876888166483e-09,10.505098512144814
18,ResNet34,NICO++,Vanilla,water,100,9.922174423264916e-13,10.505098512144814
18,ResNet34,NICO++,Vanilla,water,100,1.574984422115879e-12,10.505098512144814
18,ResNet34,NICO++,Vanilla,water,100,1.1874323865843725e-11,10.505098512144814
18,ResNet34,NICO++,Vanilla,water,100,2.028386632787091e-11,10.505098512144814
18,ResNet34,NICO++,Vanilla,water,100,5.595925176253095e-12,10.505098512144814
18,ResNet34,NICO++,Vanilla,water,100,7.152507127433151e-10,10.505098512144814
19,ResNet34,NICO++,Vanilla,outdoor,100,2.288418725304125e-13,9.744348656025025
19,ResNet34,NICO++,Vanilla,outdoor,100,1.1049002000039415e-16,9.744348656025025
19,ResNet34,NICO++,Vanilla,outdoor,100,4.177512780203512e-08,9.744348656025025
19,ResNet34,NICO++,Vanilla,outdoor,100,1.4397744988635742e-08,9.744348656025025
19,ResNet34,NICO++,Vanilla,outdoor,100,4.06857819775278e-13,9.744348656025025
19,ResNet34,NICO++,Vanilla,outdoor,100,2.1172198144002379e-10,9.744348656025025
19,ResNet34,NICO++,Vanilla,outdoor,100,3.833424928484365e-13,9.744348656025025
19,ResNet34,NICO++,Vanilla,outdoor,100,6.190594447145549e-16,9.744348656025025
19,ResNet34,NICO++,Vanilla,outdoor,100,1.5041321900148447e-09,9.744348656025025
19,ResNet34,NICO++,Vanilla,outdoor,100,1.387674136555908e-12,9.744348656025025
20,ResNet34,NICO++,Vanilla,dim,100,1,4.86655840688805
20,ResNet34,NICO++,Vanilla,dim,100,0.23721584644309193,4.86655840688805
20,ResNet34,NICO++,Vanilla,dim,100,0.11408824855534966,4.86655840688805
20,ResNet34,NICO++,Vanilla,dim,100,0.06618705897985656,4.86655840688805
20,ResNet34,NICO++,Vanilla,dim,100,0.11167280498379435,4.86655840688805
20,ResNet34,NICO++,Vanilla,dim,100,0.6448602413640375,4.86655840688805
20,ResNet34,NICO++,Vanilla,dim,100,0.28650484092739975,4.86655840688805
20,ResNet34,NICO++,Vanilla,dim,100,1,4.86655840688805
20,ResNet34,NICO++,Vanilla,dim,100,0.4420168004771723,4.86655840688805
20,ResNet34,NICO++,Vanilla,dim,100,0.6063629215832413,4.86655840688805
21,ResNet34,NICO++,Vanilla,autumn,100,5.048126120102486e-17,9.314140208219518
21,ResNet34,NICO++,Vanilla,autumn,100,7.241615087826908e-20,9.314140208219518
21,ResNet34,NICO++,Vanilla,autumn,100,1.5395020867302771e-21,9.314140208219518
21,ResNet34,NICO++,Vanilla,autumn,100,3.566057888991009e-24,9.314140208219518
21,ResNet34,NICO++,Vanilla,autumn,100,4.83342270332161e-18,9.314140208219518
21,ResNet34,NICO++,Vanilla,autumn,100,1.7598686700385994e-25,9.314140208219518
21,ResNet34,NICO++,Vanilla,autumn,100,1.367568086541184e-17,9.314140208219518
21,ResNet34,NICO++,Vanilla,autumn,100,1.0735621903904938e-20,9.314140208219518
21,ResNet34,NICO++,Vanilla,autumn,100,1.5534056649205495e-18,9.314140208219518
21,ResNet34,NICO++,Vanilla,autumn,100,6.942631491164347e-23,9.314140208219518
22,ResNet34,NICO++,Vanilla,rock,100,9.204523146843106e-11,9.961587200196584
22,ResNet34,NICO++,Vanilla,rock,100,1.2805339628502457e-13,9.961587200196584
22,ResNet34,NICO++,Vanilla,rock,100,1.2365274216208694e-13,9.961587200196584
22,ResNet34,NICO++,Vanilla,rock,100,2.3759919907782565e-13,9.961587200196584
22,ResNet34,NICO++,Vanilla,rock,100,2.2269417848162275e-17,9.961587200196584
22,ResNet34,NICO++,Vanilla,rock,100,6.470317711891628e-14,9.961587200196584
22,ResNet34,NICO++,Vanilla,rock,100,1.3106988346274802e-14,9.961587200196584
22,ResNet34,NICO++,Vanilla,rock,100,9.38195646003664e-15,9.961587200196584
22,ResNet34,NICO++,Vanilla,rock,100,2.848281000521196e-13,9.961587200196584
22,ResNet34,NICO++,Vanilla,rock,100,1.0308110728968027e-17,9.961587200196584
23,ResNet34,NICO++,Vanilla,grass,100,3.927492082357101e-13,9.513376473626463
23,ResNet34,NICO++,Vanilla,grass,100,8.14775252151037e-12,9.513376473626463
23,ResNet34,NICO++,Vanilla,grass,100,6.7707555360463685e-18,9.513376473626463
23,ResNet34,NICO++,Vanilla,grass,100,6.056037958141643e-12,9.513376473626463
23,ResNet34,NICO++,Vanilla,grass,100,1.6645320052355193e-13,9.513376473626463
23,ResNet34,NICO++,Vanilla,grass,100,5.143175409897627e-10,9.513376473626463
23,ResNet34,NICO++,Vanilla,grass,100,1.6441646414057829e-12,9.513376473626463
23,ResNet34,NICO++,Vanilla,grass,100,4.934861706556898e-13,9.513376473626463
23,ResNet34,NICO++,Vanilla,grass,100,4.2817764910161215e-10,9.513376473626463
23,ResNet34,NICO++,Vanilla,grass,100,1.5425505566797439e-15,9.513376473626463
24,ResNet34,NICO++,Vanilla,water,200,1.6228478962711563e-27,10.54044815895823
24,ResNet34,NICO++,Vanilla,water,200,2.939877870515716e-20,10.54044815895823
24,ResNet34,NICO++,Vanilla,water,200,5.441052196303252e-22,10.54044815895823
24,ResNet34,NICO++,Vanilla,water,200,1.0135268280262595e-28,10.54044815895823
24,ResNet34,NICO++,Vanilla,water,200,7.289869482835453e-26,10.54044815895823
24,ResNet34,NICO++,Vanilla,water,200,3.5482225596162495e-33,10.54044815895823
24,ResNet34,NICO++,Vanilla,water,200,4.4475960192065205e-29,10.54044815895823
24,ResNet34,NICO++,Vanilla,water,200,6.061749529388046e-26,10.54044815895823
24,ResNet34,NICO++,Vanilla,water,200,2.1709892624233974e-26,10.54044815895823
24,ResNet34,NICO++,Vanilla,water,200,6.3553978539668785e-24,10.54044815895823
25,ResNet34,NICO++,Vanilla,outdoor,200,4.697089047290296e-22,9.709737267028116
25,ResNet34,NICO++,Vanilla,outdoor,200,3.70886946343425e-23,9.709737267028116
25,ResNet34,NICO++,Vanilla,outdoor,200,5.929467777515047e-25,9.709737267028116
25,ResNet34,NICO++,Vanilla,outdoor,200,2.5034761275048697e-35,9.709737267028116
25,ResNet34,NICO++,Vanilla,outdoor,200,6.374506823387962e-20,9.709737267028116
25,ResNet34,NICO++,Vanilla,outdoor,200,2.4079581260708917e-20,9.709737267028116
25,ResNet34,NICO++,Vanilla,outdoor,200,2.137010288169672e-22,9.709737267028116
25,ResNet34,NICO++,Vanilla,outdoor,200,1.8473688519111602e-22,9.709737267028116
25,ResNet34,NICO++,Vanilla,outdoor,200,1.1020665071795945e-27,9.709737267028116
25,ResNet34,NICO++,Vanilla,outdoor,200,1.0568650900652171e-22,9.709737267028116
26,ResNet34,NICO++,Vanilla,dim,200,0.6438451627985939,4.815398404050686
26,ResNet34,NICO++,Vanilla,dim,200,0.731769303961744,4.815398404050686
26,ResNet34,NICO++,Vanilla,dim,200,0.05838507054315085,4.815398404050686
26,ResNet34,NICO++,Vanilla,dim,200,0.6942054709332055,4.815398404050686
26,ResNet34,NICO++,Vanilla,dim,200,0.6301449205410731,4.815398404050686
26,ResNet34,NICO++,Vanilla,dim,200,0.5581388030887889,4.815398404050686
26,ResNet34,NICO++,Vanilla,dim,200,0.36007623483806583,4.815398404050686
26,ResNet34,NICO++,Vanilla,dim,200,0.3176604478864123,4.815398404050686
26,ResNet34,NICO++,Vanilla,dim,200,0.2034299093633111,4.815398404050686
26,ResNet34,NICO++,Vanilla,dim,200,1,4.815398404050686
27,ResNet34,NICO++,Vanilla,autumn,200,8.990065388325983e-38,9.404414909258726
27,ResNet34,NICO++,Vanilla,autumn,200,4.495437152216175e-45,9.404414909258726
27,ResNet34,NICO++,Vanilla,autumn,200,3.750557240622129e-42,9.404414909258726
27,ResNet34,NICO++,Vanilla,autumn,200,2.8569120905325176e-44,9.404414909258726
27,ResNet34,NICO++,Vanilla,autumn,200,5.916614895891818e-42,9.404414909258726
27,ResNet34,NICO++,Vanilla,autumn,200,1.0608990594062615e-38,9.404414909258726
27,ResNet34,NICO++,Vanilla,autumn,200,2.0162625556118208e-42,9.404414909258726
27,ResNet34,NICO++,Vanilla,autumn,200,2.835213649552656e-32,9.404414909258726
27,ResNet34,NICO++,Vanilla,autumn,200,9.573869389545962e-37,9.404414909258726
27,ResNet34,NICO++,Vanilla,autumn,200,3.5196055798975782e-37,9.404414909258726
28,ResNet34,NICO++,Vanilla,rock,200,1.6337506522501693e-26,9.977771973049872
28,ResNet34,NICO++,Vanilla,rock,200,2.5142193730051874e-29,9.977771973049872
28,ResNet34,NICO++,Vanilla,rock,200,2.8085366563019503e-30,9.977771973049872
28,ResNet34,NICO++,Vanilla,rock,200,6.100377993664806e-28,9.977771973049872
28,ResNet34,NICO++,Vanilla,rock,200,1.2028326168067035e-29,9.977771973049872
28,ResNet34,NICO++,Vanilla,rock,200,1.7425179610297005e-27,9.977771973049872
28,ResNet34,NICO++,Vanilla,rock,200,1.7682820412162336e-26,9.977771973049872
28,ResNet34,NICO++,Vanilla,rock,200,3.247156007231395e-25,9.977771973049872
28,ResNet34,NICO++,Vanilla,rock,200,8.855186007554245e-32,9.977771973049872
28,ResNet34,NICO++,Vanilla,rock,200,6.1994511572752e-26,9.977771973049872
29,ResNet34,NICO++,Vanilla,grass,200,1.2472896101402847e-29,9.484329045802674
29,ResNet34,NICO++,Vanilla,grass,200,1.3341328752118198e-31,9.484329045802674
29,ResNet34,NICO++,Vanilla,grass,200,8.245553753563782e-26,9.484329045802674
29,ResNet34,NICO++,Vanilla,grass,200,8.836360013170266e-31,9.484329045802674
29,ResNet34,NICO++,Vanilla,grass,200,1.8896352951808705e-28,9.484329045802674
29,ResNet34,NICO++,Vanilla,grass,200,7.098282844554758e-33,9.484329045802674
29,ResNet34,NICO++,Vanilla,grass,200,2.0881419013909498e-26,9.484329045802674
29,ResNet34,NICO++,Vanilla,grass,200,1.0573442815685545e-26,9.484329045802674
29,ResNet34,NICO++,Vanilla,grass,200,1.4061551039721487e-26,9.484329045802674
29,ResNet34,NICO++,Vanilla,grass,200,4.851195558751153e-29,9.484329045802674
30,ResNet34,NICO++,Vanilla,water,500,2.321226780920756e-52,10.554503173728007
30,ResNet34,NICO++,Vanilla,water,500,2.5165297593662972e-59,10.554503173728007
30,ResNet34,NICO++,Vanilla,water,500,1.6110311318912124e-63,10.554503173728007
30,ResNet34,NICO++,Vanilla,water,500,1.4198363827313236e-74,10.554503173728007
30,ResNet34,NICO++,Vanilla,water,500,4.86511648797305e-64,10.554503173728007
30,ResNet34,NICO++,Vanilla,water,500,1.7615757855609608e-66,10.554503173728007
30,ResNet34,NICO++,Vanilla,water,500,3.5985925739708207e-65,10.554503173728007
30,ResNet34,NICO++,Vanilla,water,500,2.319667935008796e-62,10.554503173728007
30,ResNet34,NICO++,Vanilla,water,500,1.486837867545482e-63,10.554503173728007
30,ResNet34,NICO++,Vanilla,water,500,1.7278292525673512e-70,10.554503173728007
31,ResNet34,NICO++,Vanilla,outdoor,500,2.0471510506040377e-53,9.757442159959057
31,ResNet34,NICO++,Vanilla,outdoor,500,1.763225050238289e-55,9.757442159959057
31,ResNet34,NICO++,Vanilla,outdoor,500,3.523879425651288e-53,9.757442159959057
31,ResNet34,NICO++,Vanilla,outdoor,500,4.058420544944076e-56,9.757442159959057
31,ResNet34,NICO++,Vanilla,outdoor,500,7.44279115081807e-60,9.757442159959057
31,ResNet34,NICO++,Vanilla,outdoor,500,8.63612442700749e-62,9.757442159959057
31,ResNet34,NICO++,Vanilla,outdoor,500,1.0427815132753267e-57,9.757442159959057
31,ResNet34,NICO++,Vanilla,outdoor,500,1.2556275805413856e-53,9.757442159959057
31,ResNet34,NICO++,Vanilla,outdoor,500,8.479068628663665e-45,9.757442159959057
31,ResNet34,NICO++,Vanilla,outdoor,500,9.42711347901518e-60,9.757442159959057
32,ResNet34,NICO++,Vanilla,dim,500,0.1282260843365002,4.809102705220533
32,ResNet34,NICO++,Vanilla,dim,500,0.0793571896578387,4.809102705220533
32,ResNet34,NICO++,Vanilla,dim,500,1,4.809102705220533
32,ResNet34,NICO++,Vanilla,dim,500,0.15295660978504888,4.809102705220533
32,ResNet34,NICO++,Vanilla,dim,500,0.026351220115423502,4.809102705220533
32,ResNet34,NICO++,Vanilla,dim,500,0.08472992777930005,4.809102705220533
32,ResNet34,NICO++,Vanilla,dim,500,0.7523679032973252,4.809102705220533
32,ResNet34,NICO++,Vanilla,dim,500,0.012962277897594911,4.809102705220533
32,ResNet34,NICO++,Vanilla,dim,500,0.33778506236063666,4.809102705220533
32,ResNet34,NICO++,Vanilla,dim,500,0.06898203165156115,4.809102705220533
33,ResNet34,NICO++,Vanilla,autumn,500,2.5793183329476422e-98,9.331346849800347
33,ResNet34,NICO++,Vanilla,autumn,500,3.461033712207231e-79,9.331346849800347
33,ResNet34,NICO++,Vanilla,autumn,500,1.1453163918295544e-90,9.331346849800347
33,ResNet34,NICO++,Vanilla,autumn,500,1.3193793469730413e-86,9.331346849800347
33,ResNet34,NICO++,Vanilla,autumn,500,1.1992565064047999e-100,9.331346849800347
33,ResNet34,NICO++,Vanilla,autumn,500,2.86682342413644e-101,9.331346849800347
33,ResNet34,NICO++,Vanilla,autumn,500,1.413945549165159e-105,9.331346849800347
33,ResNet34,NICO++,Vanilla,autumn,500,6.177329972104949e-91,9.331346849800347
33,ResNet34,NICO++,Vanilla,autumn,500,1.5027700249125942e-102,9.331346849800347
33,ResNet34,NICO++,Vanilla,autumn,500,2.6146502391845344e-92,9.331346849800347
34,ResNet34,NICO++,Vanilla,rock,500,5.410422995625107e-73,10.049924740353916
34,ResNet34,NICO++,Vanilla,rock,500,2.1658201010479208e-64,10.049924740353916
34,ResNet34,NICO++,Vanilla,rock,500,4.325681871469914e-69,10.049924740353916
34,ResNet34,NICO++,Vanilla,rock,500,8.516883612866544e-58,10.049924740353916
34,ResNet34,NICO++,Vanilla,rock,500,8.926485597195213e-73,10.049924740353916
34,ResNet34,NICO++,Vanilla,rock,500,8.68603817154572e-62,10.049924740353916
34,ResNet34,NICO++,Vanilla,rock,500,3.5182107256134355e-59,10.049924740353916
34,ResNet34,NICO++,Vanilla,rock,500,6.290593251315159e-60,10.049924740353916
34,ResNet34,NICO++,Vanilla,rock,500,1.912592600066041e-74,10.049924740353916
34,ResNet34,NICO++,Vanilla,rock,500,7.277072151820321e-64,10.049924740353916
35,ResNet34,NICO++,Vanilla,grass,500,1.6969758167249212e-54,9.56994221352019
35,ResNet34,NICO++,Vanilla,grass,500,1.2067127976244609e-62,9.56994221352019
35,ResNet34,NICO++,Vanilla,grass,500,1.1838911239922644e-65,9.56994221352019
35,ResNet34,NICO++,Vanilla,grass,500,1.2865299005267374e-71,9.56994221352019
35,ResNet34,NICO++,Vanilla,grass,500,2.7903301472106864e-59,9.56994221352019
35,ResNet34,NICO++,Vanilla,grass,500,8.775358503449186e-65,9.56994221352019
35,ResNet34,NICO++,Vanilla,grass,500,1.6466761526330605e-62,9.56994221352019
35,ResNet34,NICO++,Vanilla,grass,500,3.08021993995144e-64,9.56994221352019
35,ResNet34,NICO++,Vanilla,grass,500,3.531048005961678e-57,9.56994221352019
35,ResNet34,NICO++,Vanilla,grass,500,1.3511188743000855e-59,9.56994221352019
36,ResNet34,NICO++,Vanilla,water,1000,5.400748290539765e-118,10.538765323808635
36,ResNet34,NICO++,Vanilla,water,1000,8.15703818037198e-136,10.538765323808635
36,ResNet34,NICO++,Vanilla,water,1000,4.311266837653714e-109,10.538765323808635
36,ResNet34,NICO++,Vanilla,water,1000,2.3774473409490376e-126,10.538765323808635
36,ResNet34,NICO++,Vanilla,water,1000,6.4918424427636e-113,10.538765323808635
36,ResNet34,NICO++,Vanilla,water,1000,5.942051885858321e-116,10.538765323808635
36,ResNet34,NICO++,Vanilla,water,1000,1.253524312812599e-121,10.538765323808635
36,ResNet34,NICO++,Vanilla,water,1000,3.47638581607434e-120,10.538765323808635
36,ResNet34,NICO++,Vanilla,water,1000,2.237917897502277e-106,10.538765323808635
36,ResNet34,NICO++,Vanilla,water,1000,1.5708728270151708e-118,10.538765323808635
37,ResNet34,NICO++,Vanilla,outdoor,1000,6.302912591699615e-107,9.774133602356414
37,ResNet34,NICO++,Vanilla,outdoor,1000,2.4054732463283562e-98,9.774133602356414
37,ResNet34,NICO++,Vanilla,outdoor,1000,1.0186999900178322e-101,9.774133602356414
37,ResNet34,NICO++,Vanilla,outdoor,1000,1.3439638115217296e-108,9.774133602356414
37,ResNet34,NICO++,Vanilla,outdoor,1000,4.781371590138268e-97,9.774133602356414
37,ResNet34,NICO++,Vanilla,outdoor,1000,7.060153086930638e-105,9.774133602356414
37,ResNet34,NICO++,Vanilla,outdoor,1000,1.5765356507023794e-107,9.774133602356414
37,ResNet34,NICO++,Vanilla,outdoor,1000,8.073441756501299e-106,9.774133602356414
37,ResNet34,NICO++,Vanilla,outdoor,1000,2.4054732463283562e-98,9.774133602356414
37,ResNet34,NICO++,Vanilla,outdoor,1000,2.602440587417945e-97,9.774133602356414
38,ResNet34,NICO++,Vanilla,dim,1000,0.021622296449126888,4.848724813895354
38,ResNet34,NICO++,Vanilla,dim,1000,0.021839013142061124,4.848724813895354
38,ResNet34,NICO++,Vanilla,dim,1000,0.24851161187244294,4.848724813895354
38,ResNet34,NICO++,Vanilla,dim,1000,0.042979137889988334,4.848724813895354
38,ResNet34,NICO++,Vanilla,dim,1000,0.06861222194686056,4.848724813895354
38,ResNet34,NICO++,Vanilla,dim,1000,0.18897212751099948,4.848724813895354
38,ResNet34,NICO++,Vanilla,dim,1000,0.030325872836912425,4.848724813895354
38,ResNet34,NICO++,Vanilla,dim,1000,0.020307142280763142,4.848724813895354
38,ResNet34,NICO++,Vanilla,dim,1000,0.016408525272450538,4.848724813895354
38,ResNet34,NICO++,Vanilla,dim,1000,0.056281310286965175,4.848724813895354
39,ResNet34,NICO++,Vanilla,autumn,1000,3.262859533244844e-184,9.28538306269521
39,ResNet34,NICO++,Vanilla,autumn,1000,3.9332169033179695e-172,9.28538306269521
39,ResNet34,NICO++,Vanilla,autumn,1000,1.9368214109115988e-179,9.28538306269521
39,ResNet34,NICO++,Vanilla,autumn,1000,4.5728982435381755e-184,9.28538306269521
39,ResNet34,NICO++,Vanilla,autumn,1000,2.8252356025272346e-192,9.28538306269521
39,ResNet34,NICO++,Vanilla,autumn,1000,1.002540213027499e-174,9.28538306269521
39,ResNet34,NICO++,Vanilla,autumn,1000,3.2547135625536327e-198,9.28538306269521
39,ResNet34,NICO++,Vanilla,autumn,1000,2.0498418552822248e-165,9.28538306269521
39,ResNet34,NICO++,Vanilla,autumn,1000,2.9059907868647384e-175,9.28538306269521
39,ResNet34,NICO++,Vanilla,autumn,1000,2.140927428501554e-174,9.28538306269521
40,ResNet34,NICO++,Vanilla,rock,1000,1.811995342905998e-130,10.096402748696043
40,ResNet34,NICO++,Vanilla,rock,1000,2.3817313210695947e-145,10.096402748696043
40,ResNet34,NICO++,Vanilla,rock,1000,4.792359227670761e-136,10.096402748696043
40,ResNet34,NICO++,Vanilla,rock,1000,2.030179857578468e-130,10.096402748696043
40,ResNet34,NICO++,Vanilla,rock,1000,7.047921424376654e-131,10.096402748696043
40,ResNet34,NICO++,Vanilla,rock,1000,1.9151420318561442e-129,10.096402748696043
40,ResNet34,NICO++,Vanilla,rock,1000,5.197360036865467e-140,10.096402748696043
40,ResNet34,NICO++,Vanilla,rock,1000,3.736998577175062e-122,10.096402748696043
40,ResNet34,NICO++,Vanilla,rock,1000,9.954408073352339e-128,10.096402748696043
40,ResNet34,NICO++,Vanilla,rock,1000,5.453374335089123e-147,10.096402748696043
41,ResNet34,NICO++,Vanilla,grass,1000,2.832793773532497e-127,9.54004024174402
41,ResNet34,NICO++,Vanilla,grass,1000,3.458637356939475e-120,9.54004024174402
41,ResNet34,NICO++,Vanilla,grass,1000,1.1795206975900585e-139,9.54004024174402
41,ResNet34,NICO++,Vanilla,grass,1000,2.16882602630956e-130,9.54004024174402
41,ResNet34,NICO++,Vanilla,grass,1000,4.360002083219309e-109,9.54004024174402
41,ResNet34,NICO++,Vanilla,grass,1000,1.809577157259537e-118,9.54004024174402
41,ResNet34,NICO++,Vanilla,grass,1000,9.1263478924478e-111,9.54004024174402
41,ResNet34,NICO++,Vanilla,grass,1000,1.9025437088936725e-133,9.54004024174402
41,ResNet34,NICO++,Vanilla,grass,1000,1.5592490667861985e-129,9.54004024174402
41,ResNet34,NICO++,Vanilla,grass,1000,2.575194382062315e-146,9.54004024174402
42,ResNet34,NICO++,Vanilla,water,10000,5.246424e-318,10.548951012563839
42,ResNet34,NICO++,Vanilla,water,10000,5.06682e-318,10.548951012563839
42,ResNet34,NICO++,Vanilla,water,10000,5.00105e-318,10.548951012563839
42,ResNet34,NICO++,Vanilla,water,10000,5.054173e-318,10.548951012563839
42,ResNet34,NICO++,Vanilla,water,10000,4.95805e-318,10.548951012563839
42,ResNet34,NICO++,Vanilla,water,10000,5.056703e-318,10.548951012563839
42,ResNet34,NICO++,Vanilla,water,10000,5.07441e-318,10.548951012563839
42,ResNet34,NICO++,Vanilla,water,10000,5.07947e-318,10.548951012563839
42,ResNet34,NICO++,Vanilla,water,10000,5.14271e-318,10.548951012563839
42,ResNet34,NICO++,Vanilla,water,10000,4.87457e-318,10.548951012563839
43,ResNet34,NICO++,Vanilla,outdoor,10000,2.1448698332083e-279,9.742097330004336
43,ResNet34,NICO++,Vanilla,outdoor,10000,1.3609330352119142e-297,9.742097330004336
43,ResNet34,NICO++,Vanilla,outdoor,10000,2.763933400486554e-287,9.742097330004336
43,ResNet34,NICO++,Vanilla,outdoor,10000,2.138733689160704e-279,9.742097330004336
43,ResNet34,NICO++,Vanilla,outdoor,10000,1.9069943392710792e-289,9.742097330004336
43,ResNet34,NICO++,Vanilla,outdoor,10000,1.1081700185599057e-292,9.742097330004336
43,ResNet34,NICO++,Vanilla,outdoor,10000,4.142517604717128e-287,9.742097330004336
43,ResNet34,NICO++,Vanilla,outdoor,10000,3.7639127431249686e-278,9.742097330004336
43,ResNet34,NICO++,Vanilla,outdoor,10000,1.2556873352814426e-279,9.742097330004336
43,ResNet34,NICO++,Vanilla,outdoor,10000,4.26438260447315e-289,9.742097330004336
44,ResNet34,NICO++,Vanilla,dim,10000,0.015096246040158457,4.845480535772288
44,ResNet34,NICO++,Vanilla,dim,10000,0.0002109521155180013,4.845480535772288
44,ResNet34,NICO++,Vanilla,dim,10000,3.3155704534906055e-09,4.845480535772288
44,ResNet34,NICO++,Vanilla,dim,10000,0.0005446284623040286,4.845480535772288
44,ResNet34,NICO++,Vanilla,dim,10000,0.0003252759390841844,4.845480535772288
44,ResNet34,NICO++,Vanilla,dim,10000,0.0011958812234208443,4.845480535772288
44,ResNet34,NICO++,Vanilla,dim,10000,0.007683863649816231,4.845480535772288
44,ResNet34,NICO++,Vanilla,dim,10000,0.001440925159676018,4.845480535772288
44,ResNet34,NICO++,Vanilla,dim,10000,0.001583930830363355,4.845480535772288
44,ResNet34,NICO++,Vanilla,dim,10000,5.993205580481079e-06,4.845480535772288
45,ResNet34,NICO++,Vanilla,autumn,10000,4.525483e-318,9.304609993082137
45,ResNet34,NICO++,Vanilla,autumn,10000,2.353634292116033e-278,9.304609993082137
45,ResNet34,NICO++,Vanilla,autumn,10000,9.558093864445077e-309,9.304609993082137
45,ResNet34,NICO++,Vanilla,autumn,10000,5.2347414841354004e-285,9.304609993082137
45,ResNet34,NICO++,Vanilla,autumn,10000,2.6437735741466224e-301,9.304609993082137
45,ResNet34,NICO++,Vanilla,autumn,10000,4.517894e-318,9.304609993082137
45,ResNet34,NICO++,Vanilla,autumn,10000,1.1297405381175605e-302,9.304609993082137
45,ResNet34,NICO++,Vanilla,autumn,10000,4.027759325218621e-288,9.304609993082137
45,ResNet34,NICO++,Vanilla,autumn,10000,4.828422381198503e-304,9.304609993082137
45,ResNet34,NICO++,Vanilla,autumn,10000,1.1175206496e-314,9.304609993082137
46,ResNet34,NICO++,Vanilla,rock,10000,9.028475404084811e-239,9.952545600755075
46,ResNet34,NICO++,Vanilla,rock,10000,3.997841439163479e-276,9.952545600755075
46,ResNet34,NICO++,Vanilla,rock,10000,1.4485966648242353e-243,9.952545600755075
46,ResNet34,NICO++,Vanilla,rock,10000,1.4387796861845378e-253,9.952545600755075
46,ResNet34,NICO++,Vanilla,rock,10000,9.097934817535025e-235,9.952545600755075
46,ResNet34,NICO++,Vanilla,rock,10000,1.0761044812881697e-270,9.952545600755075
46,ResNet34,NICO++,Vanilla,rock,10000,2.0448344814933523e-263,9.952545600755075
46,ResNet34,NICO++,Vanilla,rock,10000,1.961533084662324e-254,9.952545600755075
46,ResNet34,NICO++,Vanilla,rock,10000,7.451110826023756e-255,9.952545600755075
46,ResNet34,NICO++,Vanilla,rock,10000,9.69952201683124e-243,9.952545600755075
47,ResNet34,NICO++,Vanilla,grass,10000,5.254013e-318,9.510902987926746
47,ResNet34,NICO++,Vanilla,grass,10000,5.119943e-318,9.510902987926746
47,ResNet34,NICO++,Vanilla,grass,10000,5.506974e-318,9.510902987926746
47,ResNet34,NICO++,Vanilla,grass,10000,5.13006e-318,9.510902987926746
47,ResNet34,NICO++,Vanilla,grass,10000,5.3982e-318,9.510902987926746
47,ResNet34,NICO++,Vanilla,grass,10000,5.08453e-318,9.510902987926746
47,ResNet34,NICO++,Vanilla,grass,10000,5.34508e-318,9.510902987926746
47,ResNet34,NICO++,Vanilla,grass,10000,5.15283e-318,9.510902987926746
47,ResNet34,NICO++,Vanilla,grass,10000,5.491797e-318,9.510902987926746
47,ResNet34,NICO++,Vanilla,grass,10000,5.312194e-318,9.510902987926746
