,ind_dataset,ood_dataset,rep_model,sample_size,vanilla_p,kn_p,loss
0,nico_dim,nico_0.0,ResNetClassifier,100,9.295979240490137e-24,0.001964766598981166,1.7847917369087483
1,nico_dim,nico_0.0,ResNetClassifier,100,1.4230275816607801e-11,0.0003417735063321106,1.8813814413405903
2,nico_dim,nico_0.0,ResNetClassifier,100,3.7451667797491855e-14,0.0008404203989428429,1.651622407807364
3,nico_dim,nico_0.0,ResNetClassifier,100,1.2598736667934609e-26,5.7528197212761714e-05,0.08467568771501519
4,nico_dim,nico_0.0,ResNetClassifier,100,5.22302505633063e-29,0.0003984689654652551,0.5465294369977376
5,nico_dim,nico_0.0,ResNetClassifier,100,1.459216395090173e-44,0.00021383888043221194,0.9053455655031933
6,nico_dim,nico_0.0,ResNetClassifier,100,6.165153085053473e-39,0.001711433685181948,0.10935507063930708
7,nico_dim,nico_0.0,ResNetClassifier,100,1.3830327173795804e-20,0.000626165053102153,0.9108052104143476
8,nico_dim,nico_0.0,ResNetClassifier,100,9.198554625398773e-47,0.013188183980475807,0.059312102296229484
9,nico_dim,nico_0.0,ResNetClassifier,100,9.527529929380892e-36,0.0025786697156226336,1.3871572165493407
10,nico_dim,nico_0.0,ResNetClassifier,100,2.6073988139544946e-27,0.00013209773447200317,0.7518655241466919
11,nico_dim,nico_0.0,ResNetClassifier,100,9.975145459942114e-27,0.007237544452751682,0.5059037431655276
12,nico_dim,nico_0.0,ResNetClassifier,100,3.017281941236374e-26,0.006392541507766507,0.8770069577226886
13,nico_dim,nico_0.0,ResNetClassifier,100,2.3335017401575558e-23,0.0038369748542590085,1.1164964788972898
14,nico_dim,nico_0.0,ResNetClassifier,100,2.3891411219444018e-40,0.0002503716555522677,0.6408129118620272
15,nico_dim,nico_0.0,ResNetClassifier,100,9.972032269388518e-16,0.0022524542887572296,0.5529932921890002
16,nico_dim,nico_0.0,ResNetClassifier,100,1.9822255628426323e-24,0.0007259350860671203,3.072132639332094
17,nico_dim,nico_0.0,ResNetClassifier,100,1.377867726657438e-16,0.0005393479818685307,1.243842084428768
18,nico_dim,nico_0.0,ResNetClassifier,100,8.134578899443296e-30,8.056480324176613e-05,0.6649545208568012
19,nico_dim,nico_0.0,ResNetClassifier,100,1.1496841457033738e-39,0.00046391438120057653,0.6730576686057708
20,nico_dim,nico_0.0,ResNetClassifier,100,7.214411874308249e-34,0.0003417735063321106,0.5054971434602771
21,nico_dim,nico_0.0,ResNetClassifier,100,2.3396981568696265e-48,0.0038369748542590085,1.2434242147882069
22,nico_dim,nico_0.0,ResNetClassifier,100,9.733810629941719e-20,0.0003984689654652551,1.220070332148016
23,nico_dim,nico_0.0,ResNetClassifier,100,2.032285080883445e-15,0.00021383888043221194,2.342619381991604
0,nico_dim,nico_0.041666666666666664,ResNetClassifier,100,1.451307065345575e-44,9.513657933151479e-05,0.7358359681035708
1,nico_dim,nico_0.041666666666666664,ResNetClassifier,100,9.8559270287289e-30,0.00021383888043221194,1.1020057447413347
2,nico_dim,nico_0.041666666666666664,ResNetClassifier,100,3.759653069494696e-15,0.005638388773359207,1.5338752268985485
3,nico_dim,nico_0.041666666666666664,ResNetClassifier,100,4.984419672984317e-27,0.0022524542887572296,0.9716504560681449
4,nico_dim,nico_0.041666666666666664,ResNetClassifier,100,8.138752345122796e-24,0.000626165053102153,1.6504662047264804
5,nico_dim,nico_0.041666666666666664,ResNetClassifier,100,4.011719246663838e-19,0.0009715963032051572,1.1912743257090534
6,nico_dim,nico_0.041666666666666664,ResNetClassifier,100,6.280879972578082e-40,0.0011216728818783154,0.702995670674913
7,nico_dim,nico_0.041666666666666664,ResNetClassifier,100,1.697757722348878e-61,8.056480324176613e-05,0.10563697954953134
8,nico_dim,nico_0.041666666666666664,ResNetClassifier,100,1.6368017362007484e-75,0.0003984689654652551,0.10285592880686856
9,nico_dim,nico_0.041666666666666664,ResNetClassifier,100,3.4084881737633675e-48,0.0003417735063321106,1.3221696008938897
10,nico_dim,nico_0.041666666666666664,ResNetClassifier,100,1.3339111598070237e-30,9.79835834861779e-06,1.2392110554129245
11,nico_dim,nico_0.041666666666666664,ResNetClassifier,100,2.441273502280714e-28,0.0022524542887572296,1.2900092990491305
12,nico_dim,nico_0.041666666666666664,ResNetClassifier,100,1.3276000408958155e-19,0.001964766598981166,0.6902862140739228
13,nico_dim,nico_0.041666666666666664,ResNetClassifier,100,1.9399397261614952e-29,0.0003417735063321106,0.015742715956670282
14,nico_dim,nico_0.041666666666666664,ResNetClassifier,100,1.471549896717961e-13,0.000626165053102153,2.161325867577118
15,nico_dim,nico_0.041666666666666664,ResNetClassifier,100,5.637990631476498e-16,0.00029273108317146804,3.742975944048628
16,nico_dim,nico_0.041666666666666664,ResNetClassifier,100,4.057021798318108e-18,3.434171631446249e-05,1.688662912256585
17,nico_dim,nico_0.041666666666666664,ResNetClassifier,100,1.9722725586208086e-28,0.006392541507766507,0.389167345601901
18,nico_dim,nico_0.041666666666666664,ResNetClassifier,100,5.109092471578976e-24,0.0038369748542590085,0.7138750542250963
19,nico_dim,nico_0.041666666666666664,ResNetClassifier,100,4.1282968386825595e-24,0.0007259350860671203,0.1841019083753826
20,nico_dim,nico_0.041666666666666664,ResNetClassifier,100,1.5548422020244516e-18,0.006392541507766507,1.2967508063035438
21,nico_dim,nico_0.041666666666666664,ResNetClassifier,100,7.526350720551164e-22,9.513657933151479e-05,2.11051491932579
22,nico_dim,nico_0.041666666666666664,ResNetClassifier,100,1.899497945384643e-16,0.0008404203989428429,0.5570146975021477
23,nico_dim,nico_0.041666666666666664,ResNetClassifier,100,6.850413376244677e-18,0.002948022173855442,0.6715546966755445
0,nico_dim,nico_0.08333333333333333,ResNetClassifier,100,1.7065490316048134e-25,0.0007259350860671203,1.4783862723495163
1,nico_dim,nico_0.08333333333333333,ResNetClassifier,100,1.4597288579508956e-13,0.0005393479818685307,0.8924309504572596
2,nico_dim,nico_0.08333333333333333,ResNetClassifier,100,8.325484240052513e-22,0.0008404203989428429,2.4886596213212893
3,nico_dim,nico_0.08333333333333333,ResNetClassifier,100,3.432458733526874e-16,0.004966324542922391,0.33218288508880756
4,nico_dim,nico_0.08333333333333333,ResNetClassifier,100,3.1956546334655276e-36,0.00018237809664865972,1.2481847850830592
5,nico_dim,nico_0.08333333333333333,ResNetClassifier,100,5.164316212599569e-27,0.0001121839242442519,0.14635913609046533
6,nico_dim,nico_0.08333333333333333,ResNetClassifier,100,7.12515766383919e-22,0.00015532540010352797,0.8710024141922952
7,nico_dim,nico_0.08333333333333333,ResNetClassifier,100,2.3625748855770008e-40,0.00336559330702058,0.6227674191297724
8,nico_dim,nico_0.08333333333333333,ResNetClassifier,100,3.2843347168552236e-35,0.0008404203989428429,0.5979011325355382
9,nico_dim,nico_0.08333333333333333,ResNetClassifier,100,1.042121331207775e-22,0.00013209773447200317,0.8238078951878378
10,nico_dim,nico_0.08333333333333333,ResNetClassifier,100,4.341528382414117e-30,0.002948022173855442,0.9066614168841787
11,nico_dim,nico_0.08333333333333333,ResNetClassifier,100,2.2331459310389705e-13,0.00046391438120057653,0.7559922275756489
12,nico_dim,nico_0.08333333333333333,ResNetClassifier,100,4.3811403207384096e-67,0.0011216728818783154,0.43154596573032905
13,nico_dim,nico_0.08333333333333333,ResNetClassifier,100,2.4993507900979747e-49,0.0011216728818783154,0.8242605554781616
14,nico_dim,nico_0.08333333333333333,ResNetClassifier,100,1.2392684638134483e-52,3.434171631446249e-05,0.462784733573011
15,nico_dim,nico_0.08333333333333333,ResNetClassifier,100,4.238618573936915e-36,0.0009715963032051572,0.8741962860668948
16,nico_dim,nico_0.08333333333333333,ResNetClassifier,100,2.013054594891782e-27,0.00029273108317146804,1.4150008263613563
17,nico_dim,nico_0.08333333333333333,ResNetClassifier,100,3.371844868447821e-15,9.513657933151479e-05,0.7188783557770639
18,nico_dim,nico_0.08333333333333333,ResNetClassifier,100,1.8413078942292127e-19,2.8832977476987865e-05,1.1781205649697426
19,nico_dim,nico_0.08333333333333333,ResNetClassifier,100,1.5921962771604267e-20,0.0007259350860671203,1.0609890654549425
20,nico_dim,nico_0.08333333333333333,ResNetClassifier,100,5.2174025663561445e-33,9.513657933151479e-05,0.5817374830560932
21,nico_dim,nico_0.08333333333333333,ResNetClassifier,100,6.33500230097387e-16,6.812763987322502e-05,3.111232157121293
22,nico_dim,nico_0.08333333333333333,ResNetClassifier,100,5.036629204013337e-13,0.004966324542922391,1.8953186163143174
23,nico_dim,nico_0.08333333333333333,ResNetClassifier,100,6.598634433279278e-24,0.004966324542922391,0.8874725193101295
0,nico_dim,nico_0.125,ResNetClassifier,100,1.9563039758919272e-36,0.00013209773447200317,0.7970962181948041
1,nico_dim,nico_0.125,ResNetClassifier,100,2.300540863110463e-41,0.0005393479818685307,1.5684979268883203
2,nico_dim,nico_0.125,ResNetClassifier,100,1.6607518920105836e-40,0.00046391438120057653,1.6771091786456316
3,nico_dim,nico_0.125,ResNetClassifier,100,4.073326947804738e-12,0.001711433685181948,1.6504753146027298
4,nico_dim,nico_0.125,ResNetClassifier,100,8.85682175812538e-17,0.0003984689654652551,1.0538598755263862
5,nico_dim,nico_0.125,ResNetClassifier,100,2.9130387930996115e-30,0.00046391438120057653,0.15154303556617899
6,nico_dim,nico_0.125,ResNetClassifier,100,8.937664500270317e-35,0.0003984689654652551,0.3144018042753915
7,nico_dim,nico_0.125,ResNetClassifier,100,2.8970880774938317e-32,0.0038369748542590085,0.6132117867488267
8,nico_dim,nico_0.125,ResNetClassifier,100,8.386144507561766e-22,2.8832977476987865e-05,1.0288014603855606
9,nico_dim,nico_0.125,ResNetClassifier,100,3.59487208330388e-40,0.00013209773447200317,2.861258968627137
10,nico_dim,nico_0.125,ResNetClassifier,100,1.3030617269846364e-13,0.0012931184410822332,1.1385455634206725
11,nico_dim,nico_0.125,ResNetClassifier,100,9.08280409166262e-16,9.513657933151479e-05,0.35037388428721333
12,nico_dim,nico_0.125,ResNetClassifier,100,1.478104611105911e-48,0.00013209773447200317,0.5614652737863701
13,nico_dim,nico_0.125,ResNetClassifier,100,8.580806856441088e-80,4.2649120512381433e-07,0.00711671144874245
14,nico_dim,nico_0.125,ResNetClassifier,100,1.2465041580541247e-22,9.79835834861779e-06,0.7911493694796116
15,nico_dim,nico_0.125,ResNetClassifier,100,2.8526267807830966e-47,4.084424362424242e-05,0.25916795396126036
16,nico_dim,nico_0.125,ResNetClassifier,100,8.139213484469107e-15,0.0022524542887572296,1.6598155250415763
17,nico_dim,nico_0.125,ResNetClassifier,100,7.768004386155742e-14,0.0038369748542590085,2.697355502702627
18,nico_dim,nico_0.125,ResNetClassifier,100,2.711371377298781e-21,0.00021383888043221194,1.9732988993192606
19,nico_dim,nico_0.125,ResNetClassifier,100,2.152430778744629e-13,2.0237198969222276e-05,1.8038607538412978
20,nico_dim,nico_0.125,ResNetClassifier,100,1.0846709520610407e-18,0.0009715963032051572,1.420337252205583
21,nico_dim,nico_0.125,ResNetClassifier,100,3.409804720350988e-20,0.0011216728818783154,1.019975853556786
22,nico_dim,nico_0.125,ResNetClassifier,100,5.703534062573502e-44,8.056480324176613e-05,0.1297754200753608
23,nico_dim,nico_0.125,ResNetClassifier,100,3.554591677623605e-29,5.7528197212761714e-05,1.5416481148422505
0,nico_dim,nico_0.16666666666666666,ResNetClassifier,100,2.1372401127134663e-18,0.0003984689654652551,1.537291406676572
1,nico_dim,nico_0.16666666666666666,ResNetClassifier,100,4.381518573938563e-32,5.7528197212761714e-05,2.7406599479186546
2,nico_dim,nico_0.16666666666666666,ResNetClassifier,100,1.209856377083448e-35,0.0001121839242442519,1.535606933254107
3,nico_dim,nico_0.16666666666666666,ResNetClassifier,100,6.78560049638879e-16,2.417311174608639e-05,2.0599512122374133
4,nico_dim,nico_0.16666666666666666,ResNetClassifier,100,1.8457166229678517e-16,0.00021383888043221194,1.416835809495927
5,nico_dim,nico_0.16666666666666666,ResNetClassifier,100,5.372121613456579e-28,6.812763987322502e-05,1.9269109067188679
6,nico_dim,nico_0.16666666666666666,ResNetClassifier,100,2.344880143498748e-30,1.691773487794608e-05,0.6246955041799055
7,nico_dim,nico_0.16666666666666666,ResNetClassifier,100,1.0791702125659179e-31,0.00046391438120057653,0.2962032468985691
8,nico_dim,nico_0.16666666666666666,ResNetClassifier,100,2.933601649554292e-51,9.513657933151479e-05,0.6466788917369749
9,nico_dim,nico_0.16666666666666666,ResNetClassifier,100,7.255422317702465e-47,0.000626165053102153,1.1182471612761653
10,nico_dim,nico_0.16666666666666666,ResNetClassifier,100,1.2013404347330397e-36,0.0002503716555522677,0.5072181625510693
11,nico_dim,nico_0.16666666666666666,ResNetClassifier,100,1.5511830314063146e-16,0.0003984689654652551,1.5721213781447192
12,nico_dim,nico_0.16666666666666666,ResNetClassifier,100,2.4532119255137928e-39,6.758995110591544e-06,0.05035044613629587
13,nico_dim,nico_0.16666666666666666,ResNetClassifier,100,9.306102645968197e-35,0.001711433685181948,0.7535646469107423
14,nico_dim,nico_0.16666666666666666,ResNetClassifier,100,1.4051964697805088e-20,6.758995110591544e-06,1.0918831384338645
15,nico_dim,nico_0.16666666666666666,ResNetClassifier,100,1.0161057618730915e-34,0.0012931184410822332,1.420141487950212
16,nico_dim,nico_0.16666666666666666,ResNetClassifier,100,3.2231445749440483e-34,0.00013209773447200317,1.198804990574735
17,nico_dim,nico_0.16666666666666666,ResNetClassifier,100,2.711806369057101e-26,7.721648214230728e-08,1.2755926381801073
18,nico_dim,nico_0.16666666666666666,ResNetClassifier,100,3.646701013892463e-28,6.441703942144554e-07,0.35356589373408503
19,nico_dim,nico_0.16666666666666666,ResNetClassifier,100,3.541542267977028e-16,0.0003417735063321106,2.9619688365434707
20,nico_dim,nico_0.16666666666666666,ResNetClassifier,100,1.1364430961222701e-12,2.8832977476987865e-05,2.4237175734760785
21,nico_dim,nico_0.16666666666666666,ResNetClassifier,100,9.21983687731041e-13,0.0007259350860671203,1.4924725044289409
22,nico_dim,nico_0.16666666666666666,ResNetClassifier,100,2.3270810077789408e-38,0.00018237809664865972,1.0473397258946158
23,nico_dim,nico_0.16666666666666666,ResNetClassifier,100,7.271012086908699e-23,2.8832977476987865e-05,1.0511890512209896
0,nico_dim,nico_0.20833333333333331,ResNetClassifier,100,6.139180387417928e-31,0.0003984689654652551,1.300334589317763
1,nico_dim,nico_0.20833333333333331,ResNetClassifier,100,4.508527497700783e-18,0.000626165053102153,3.559793674058418
2,nico_dim,nico_0.20833333333333331,ResNetClassifier,100,2.877961628921907e-18,0.00029273108317146804,2.8046282691885676
3,nico_dim,nico_0.20833333333333331,ResNetClassifier,100,8.365067743681112e-45,6.441703942144554e-07,0.39851928218573557
4,nico_dim,nico_0.20833333333333331,ResNetClassifier,100,7.245208208906948e-16,0.00021383888043221194,1.4250303660828223
5,nico_dim,nico_0.20833333333333331,ResNetClassifier,100,3.3639098877810588e-18,0.0002503716555522677,4.322586657547781
6,nico_dim,nico_0.20833333333333331,ResNetClassifier,100,1.786742374109284e-18,1.691773487794608e-05,2.5444615685938965
7,nico_dim,nico_0.20833333333333331,ResNetClassifier,100,2.19770195455103e-27,1.1771843989083546e-05,0.561943389701485
8,nico_dim,nico_0.20833333333333331,ResNetClassifier,100,4.4594789402971827e-14,0.00018237809664865972,2.010896777910627
9,nico_dim,nico_0.20833333333333331,ResNetClassifier,100,2.892826036310818e-19,4.96562592435021e-09,1.4194846898484101
10,nico_dim,nico_0.20833333333333331,ResNetClassifier,100,7.923502569163702e-14,0.0014886846887501536,0.5305640849062333
11,nico_dim,nico_0.20833333333333331,ResNetClassifier,100,1.1306806094119216e-19,0.0014886846887501536,1.5784860874034041
12,nico_dim,nico_0.20833333333333331,ResNetClassifier,100,8.380987442659929e-13,2.0237198969222276e-05,1.3142941390890632
13,nico_dim,nico_0.20833333333333331,ResNetClassifier,100,2.3745145835834755e-44,4.635395852573045e-06,1.1682919252185122
14,nico_dim,nico_0.20833333333333331,ResNetClassifier,100,1.9965727118043838e-55,1.1771843989083546e-05,0.14883419122175376
15,nico_dim,nico_0.20833333333333331,ResNetClassifier,100,2.3609923434881197e-47,0.00046391438120057653,2.6476407473421664
16,nico_dim,nico_0.20833333333333331,ResNetClassifier,100,7.548525033256258e-17,0.0003417735063321106,0.6256965737637292
17,nico_dim,nico_0.20833333333333331,ResNetClassifier,100,1.4317464494032881e-12,0.0014886846887501536,1.2683111449014686
18,nico_dim,nico_0.20833333333333331,ResNetClassifier,100,2.6262525421545863e-36,5.7528197212761714e-05,0.48604996386024807
19,nico_dim,nico_0.20833333333333331,ResNetClassifier,100,1.5384893090776806e-26,4.635395852573045e-06,3.1096205845990323
20,nico_dim,nico_0.20833333333333331,ResNetClassifier,100,1.1295592791991412e-28,4.850838959547331e-05,2.396284370355848
21,nico_dim,nico_0.20833333333333331,ResNetClassifier,100,4.9510298544736386e-24,5.7528197212761714e-05,1.8341489289295712
22,nico_dim,nico_0.20833333333333331,ResNetClassifier,100,1.4509378177043492e-37,2.6040297067824225e-06,0.8455816926812179
23,nico_dim,nico_0.20833333333333331,ResNetClassifier,100,2.086939711895485e-45,8.143907120095266e-06,0.49616359674953175
0,nico_dim,nico_0.25,ResNetClassifier,100,2.8944814260037375e-24,1.182563295511863e-06,1.7633934233515491
1,nico_dim,nico_0.25,ResNetClassifier,100,8.468144370124977e-16,5.60144950358438e-06,0.9462954832259259
2,nico_dim,nico_0.25,ResNetClassifier,100,3.8605562134672514e-28,1.7599878664687014e-06,1.0910319510087403
3,nico_dim,nico_0.25,ResNetClassifier,100,3.100004807768814e-32,4.635395852573045e-06,0.7826014945735021
4,nico_dim,nico_0.25,ResNetClassifier,100,6.583133031234603e-16,6.194573891994619e-08,2.698236789175633
5,nico_dim,nico_0.25,ResNetClassifier,100,1.0968304740732475e-33,4.084424362424242e-05,1.3381910180168632
6,nico_dim,nico_0.25,ResNetClassifier,100,1.382212027926512e-29,6.812763987322502e-05,1.9820293982735335
7,nico_dim,nico_0.25,ResNetClassifier,100,5.787007763558893e-56,6.441703942144554e-07,0.5395403987897773
8,nico_dim,nico_0.25,ResNetClassifier,100,1.352280607169059e-13,9.79835834861779e-06,3.3080979850012846
9,nico_dim,nico_0.25,ResNetClassifier,100,9.238286253666139e-15,1.4122357035146861e-05,2.358411850193458
10,nico_dim,nico_0.25,ResNetClassifier,100,1.9844152901674377e-35,2.0237198969222276e-05,1.1743795119759297
11,nico_dim,nico_0.25,ResNetClassifier,100,7.236410049266365e-11,0.0008404203989428429,1.1986779926889797
12,nico_dim,nico_0.25,ResNetClassifier,100,8.834566323602416e-11,0.0002503716555522677,2.0416985165577874
13,nico_dim,nico_0.25,ResNetClassifier,100,1.0293982576665157e-23,4.084424362424242e-05,2.2858173871074636
14,nico_dim,nico_0.25,ResNetClassifier,100,9.075977886233577e-36,5.60144950358438e-06,1.337099596364684
15,nico_dim,nico_0.25,ResNetClassifier,100,5.030502032848138e-26,2.0237198969222276e-05,1.2182048580078253
16,nico_dim,nico_0.25,ResNetClassifier,100,5.227427605705393e-30,0.00021383888043221194,2.2553906152918533
17,nico_dim,nico_0.25,ResNetClassifier,100,4.6921059664362966e-36,8.056480324176613e-05,3.442083644442207
18,nico_dim,nico_0.25,ResNetClassifier,100,4.857125019777085e-20,5.7528197212761714e-05,3.2318491944913603
19,nico_dim,nico_0.25,ResNetClassifier,100,1.0856562208543585e-19,1.7599878664687014e-06,2.7640310207260175
20,nico_dim,nico_0.25,ResNetClassifier,100,2.060931946439697e-70,3.306583516683017e-10,0.3462052453522777
21,nico_dim,nico_0.25,ResNetClassifier,100,9.476804296689588e-47,1.691773487794608e-05,0.40049032530044576
22,nico_dim,nico_0.25,ResNetClassifier,100,7.743550239620149e-26,0.00046391438120057653,2.0954147842760626
23,nico_dim,nico_0.25,ResNetClassifier,100,4.832611553971855e-14,1.1771843989083546e-05,2.5283111527989184
0,nico_dim,nico_0.29166666666666663,ResNetClassifier,100,3.490946465617851e-29,1.4833421283294326e-09,2.2569265396231915
1,nico_dim,nico_0.29166666666666663,ResNetClassifier,100,3.174546279509326e-38,5.60144950358438e-06,4.195269031382036
2,nico_dim,nico_0.29166666666666663,ResNetClassifier,100,5.07690340958084e-47,3.434171631446249e-05,2.4153838448213762
3,nico_dim,nico_0.29166666666666663,ResNetClassifier,100,1.5183033891862884e-20,3.0767083807943474e-09,5.012221993929961
4,nico_dim,nico_0.29166666666666663,ResNetClassifier,100,3.756057447585821e-18,4.635395852573045e-06,1.5818259603935534
5,nico_dim,nico_0.29166666666666663,ResNetClassifier,100,1.1982087964854561e-14,1.2699042269723205e-08,1.4371330715633557
6,nico_dim,nico_0.29166666666666663,ResNetClassifier,100,7.134239139321125e-19,8.143907120095266e-06,1.3085145523677733
7,nico_dim,nico_0.29166666666666663,ResNetClassifier,100,7.142621378991554e-46,9.050125666185817e-10,0.7376311033781451
8,nico_dim,nico_0.29166666666666663,ResNetClassifier,100,7.102882612761865e-18,2.6040297067824225e-06,1.4118618825806521
9,nico_dim,nico_0.29166666666666663,ResNetClassifier,100,3.5773509376339897e-16,1.4122357035146861e-05,2.1109042101843034
10,nico_dim,nico_0.29166666666666663,ResNetClassifier,100,1.0582145361289651e-40,9.513657933151479e-05,1.3814971399366796
11,nico_dim,nico_0.29166666666666663,ResNetClassifier,100,8.585086078959071e-10,4.084424362424242e-05,1.6830312300674564
12,nico_dim,nico_0.29166666666666663,ResNetClassifier,100,7.86672192754312e-11,4.850838959547331e-05,1.6393184341211853
13,nico_dim,nico_0.29166666666666663,ResNetClassifier,100,2.8618978280367095e-20,4.850838959547331e-05,1.8413081295279938
14,nico_dim,nico_0.29166666666666663,ResNetClassifier,100,7.146338732410638e-34,1.8365115807733268e-07,1.8847272377303355
15,nico_dim,nico_0.29166666666666663,ResNetClassifier,100,5.161030371463225e-23,9.513657933151479e-05,3.0385054572274814
16,nico_dim,nico_0.29166666666666663,ResNetClassifier,100,2.299160973688189e-28,3.830367718604617e-06,1.8914656055260455
17,nico_dim,nico_0.29166666666666663,ResNetClassifier,100,1.858337097052565e-42,9.672161867057346e-07,2.0528684423115453
18,nico_dim,nico_0.29166666666666663,ResNetClassifier,100,6.935160731673754e-16,0.0001121839242442519,2.3992905590022544
19,nico_dim,nico_0.29166666666666663,ResNetClassifier,100,1.8759872824231076e-18,0.00021383888043221194,2.284561364909667
20,nico_dim,nico_0.29166666666666663,ResNetClassifier,100,1.4163864192381467e-25,3.830367718604617e-06,2.123133948371969
21,nico_dim,nico_0.29166666666666663,ResNetClassifier,100,7.745031767902347e-35,3.9687491243200633e-08,1.7035980192085236
22,nico_dim,nico_0.29166666666666663,ResNetClassifier,100,1.5820534127570716e-16,1.4122357035146861e-05,3.91074421253245
23,nico_dim,nico_0.29166666666666663,ResNetClassifier,100,7.322724472441494e-21,6.194573891994619e-08,2.3634280600922066
0,nico_dim,nico_0.3333333333333333,ResNetClassifier,100,5.280502236214345e-39,4.262988941405386e-10,1.0348822906100539
1,nico_dim,nico_0.3333333333333333,ResNetClassifier,100,1.1840419132075237e-20,5.60144950358438e-06,3.245735617327115
2,nico_dim,nico_0.3333333333333333,ResNetClassifier,100,2.4176095460225155e-18,1.691773487794608e-05,2.0675378194606657
3,nico_dim,nico_0.3333333333333333,ResNetClassifier,100,3.3249709464009792e-37,1.691773487794608e-05,3.9683486427486834
4,nico_dim,nico_0.3333333333333333,ResNetClassifier,100,1.6610294707640054e-37,1.1771843989083546e-05,2.9042042492225955
5,nico_dim,nico_0.3333333333333333,ResNetClassifier,100,1.8229196258351065e-12,0.00013209773447200317,2.7262263294977775
6,nico_dim,nico_0.3333333333333333,ResNetClassifier,100,5.44103048279074e-17,6.758995110591544e-06,1.9338502412501315
7,nico_dim,nico_0.3333333333333333,ResNetClassifier,100,4.8101360994608325e-31,2.142377369876311e-06,4.618020669894914
8,nico_dim,nico_0.3333333333333333,ResNetClassifier,100,4.7500666491692356e-24,7.965243561469856e-09,0.608375053233341
9,nico_dim,nico_0.3333333333333333,ResNetClassifier,100,7.317874568857894e-30,3.9687491243200633e-08,1.9841503710508577
10,nico_dim,nico_0.3333333333333333,ResNetClassifier,100,1.8980932614783544e-15,6.441703942144554e-07,3.4574454401049026
11,nico_dim,nico_0.3333333333333333,ResNetClassifier,100,1.6664047797513166e-16,8.143907120095266e-06,3.2756277381168912
12,nico_dim,nico_0.3333333333333333,ResNetClassifier,100,1.6369245986475157e-14,4.850838959547331e-05,3.37559470357126
13,nico_dim,nico_0.3333333333333333,ResNetClassifier,100,2.879309996824471e-20,1.4122357035146861e-05,2.490516233954648
14,nico_dim,nico_0.3333333333333333,ResNetClassifier,100,1.1202428486772489e-35,1.4821673886922003e-07,2.8267606585162044
15,nico_dim,nico_0.3333333333333333,ResNetClassifier,100,2.6400825104465812e-28,3.830367718604617e-06,2.793328027290991
16,nico_dim,nico_0.3333333333333333,ResNetClassifier,100,1.3863777487943357e-20,2.417311174608639e-05,3.125998290788886
17,nico_dim,nico_0.3333333333333333,ResNetClassifier,100,4.72792248179592e-18,4.2649120512381433e-07,2.2054431025019867
18,nico_dim,nico_0.3333333333333333,ResNetClassifier,100,2.737480460031391e-24,2.8832977476987865e-05,4.18667035134179
19,nico_dim,nico_0.3333333333333333,ResNetClassifier,100,8.992363682536914e-23,3.169510976221218e-08,2.785990087943335
20,nico_dim,nico_0.3333333333333333,ResNetClassifier,100,9.925167029770845e-23,2.272176941517387e-07,1.4305145411824605
21,nico_dim,nico_0.3333333333333333,ResNetClassifier,100,1.777951234919895e-30,6.184709418055657e-13,2.1709506659628857
22,nico_dim,nico_0.3333333333333333,ResNetClassifier,100,4.039963282737049e-15,8.143907120095266e-06,4.208566399561209
23,nico_dim,nico_0.3333333333333333,ResNetClassifier,100,2.3180775930920617e-17,2.417311174608639e-05,2.7783564861321763
0,nico_dim,nico_0.375,ResNetClassifier,100,1.795749837106621e-24,1.4437304723686243e-06,4.478366696456952
1,nico_dim,nico_0.375,ResNetClassifier,100,1.0839479671831114e-28,2.8832977476987865e-05,4.158138765350659
2,nico_dim,nico_0.375,ResNetClassifier,100,6.829666471476492e-20,1.4122357035146861e-05,2.9414948184721936
3,nico_dim,nico_0.375,ResNetClassifier,100,8.259246267057064e-57,2.4162452987440573e-09,1.4043078703643022
4,nico_dim,nico_0.375,ResNetClassifier,100,2.043326257695587e-30,1.4728264255095599e-12,2.2412693597108158
5,nico_dim,nico_0.375,ResNetClassifier,100,2.64791504559731e-11,2.142377369876311e-06,3.2114315977351904
6,nico_dim,nico_0.375,ResNetClassifier,100,3.361079456323534e-14,1.4122357035146861e-05,3.132151268411785
7,nico_dim,nico_0.375,ResNetClassifier,100,9.216314010880732e-25,4.2649120512381433e-07,3.913076849855794
8,nico_dim,nico_0.375,ResNetClassifier,100,5.918433746428958e-25,4.96562592435021e-09,3.9740974575439942
9,nico_dim,nico_0.375,ResNetClassifier,100,2.725471443659798e-47,4.2649120512381433e-07,4.942416701423331
10,nico_dim,nico_0.375,ResNetClassifier,100,1.1817190277061818e-19,9.672161867057346e-07,1.720920983653225
11,nico_dim,nico_0.375,ResNetClassifier,100,2.669271755913936e-33,3.9687491243200633e-08,2.0523190850970967
12,nico_dim,nico_0.375,ResNetClassifier,100,1.0331291436690363e-22,1.8365115807733268e-07,3.078007081030577
13,nico_dim,nico_0.375,ResNetClassifier,100,9.512664609553803e-14,1.1771843989083546e-05,4.0876298848404655
14,nico_dim,nico_0.375,ResNetClassifier,100,7.191849154639239e-35,2.52740252661128e-08,2.196391740442636
15,nico_dim,nico_0.375,ResNetClassifier,100,2.3377958593216932e-17,1.7599878664687014e-06,4.689983495531352
16,nico_dim,nico_0.375,ResNetClassifier,100,1.7905376916517047e-31,2.8070083451232685e-07,2.6870675176132113
17,nico_dim,nico_0.375,ResNetClassifier,100,2.0591495281477471e-19,6.194573891994619e-08,3.4605134981051107
18,nico_dim,nico_0.375,ResNetClassifier,100,2.0059652386556765e-23,1.4437304723686243e-06,5.865865158797001
19,nico_dim,nico_0.375,ResNetClassifier,100,2.3403206045074136e-25,5.60144950358438e-06,4.159098875717884
20,nico_dim,nico_0.375,ResNetClassifier,100,1.422189065554496e-17,3.830367718604617e-06,2.2124480904907298
21,nico_dim,nico_0.375,ResNetClassifier,100,1.2474449009376543e-23,2.560738997907831e-10,2.998362139664806
22,nico_dim,nico_0.375,ResNetClassifier,100,3.470606773697485e-19,6.441703942144554e-07,2.386965756577682
23,nico_dim,nico_0.375,ResNetClassifier,100,3.3246128696852135e-24,9.067490556539704e-11,2.534703370849156
0,nico_dim,nico_0.41666666666666663,ResNetClassifier,100,3.570678395940763e-28,3.9687491243200633e-08,4.071781269069829
1,nico_dim,nico_0.41666666666666663,ResNetClassifier,100,8.008156713343e-25,1.8365115807733268e-07,5.116684198072244
2,nico_dim,nico_0.41666666666666663,ResNetClassifier,100,5.626715735686171e-35,7.0526196782284e-10,4.094678425970474
3,nico_dim,nico_0.41666666666666663,ResNetClassifier,100,1.3955890607414375e-26,3.4625762642397636e-07,2.994547034362168
4,nico_dim,nico_0.41666666666666663,ResNetClassifier,100,3.772862835389816e-21,4.962033317388988e-08,3.0468059706068993
5,nico_dim,nico_0.41666666666666663,ResNetClassifier,100,1.63525698461373e-13,6.758995110591544e-06,6.5368137555961265
6,nico_dim,nico_0.41666666666666663,ResNetClassifier,100,7.951839484632125e-28,2.272176941517387e-07,5.152593822156268
7,nico_dim,nico_0.41666666666666663,ResNetClassifier,100,1.0354842523634822e-21,9.610732026644759e-08,2.5785852714045996
8,nico_dim,nico_0.41666666666666663,ResNetClassifier,100,9.387959991046883e-25,9.672161867057346e-07,4.2316759587929305
9,nico_dim,nico_0.41666666666666663,ResNetClassifier,100,3.6636947710663533e-17,1.178236826760988e-10,2.5394619965572747
10,nico_dim,nico_0.41666666666666663,ResNetClassifier,100,6.07444916218845e-22,4.962033317388988e-08,4.484457679570144
11,nico_dim,nico_0.41666666666666663,ResNetClassifier,100,2.3029693679791715e-14,6.758995110591544e-06,4.098993368756347
12,nico_dim,nico_0.41666666666666663,ResNetClassifier,100,7.113548896116489e-15,1.8365115807733268e-07,4.575238178904832
13,nico_dim,nico_0.41666666666666663,ResNetClassifier,100,1.9980104298920755e-18,4.262988941405386e-10,2.8619203745866675
14,nico_dim,nico_0.41666666666666663,ResNetClassifier,100,7.196922505787365e-21,1.8365115807733268e-07,3.458210137114405
15,nico_dim,nico_0.41666666666666663,ResNetClassifier,100,1.1957791272458369e-27,2.52740252661128e-08,1.3548446695937626
16,nico_dim,nico_0.41666666666666663,ResNetClassifier,100,2.934461526962737e-14,1.4437304723686243e-06,4.709563849182998
17,nico_dim,nico_0.41666666666666663,ResNetClassifier,100,1.5460322548955644e-23,4.962033317388988e-08,1.9315708889976575
18,nico_dim,nico_0.41666666666666663,ResNetClassifier,100,8.448975679832431e-29,2.0123290716212266e-08,3.4230069651922665
19,nico_dim,nico_0.41666666666666663,ResNetClassifier,100,1.6157338611782775e-34,2.0123290716212266e-08,2.8738197558984937
20,nico_dim,nico_0.41666666666666663,ResNetClassifier,100,2.187405836018197e-19,2.52740252661128e-08,4.188039733305414
21,nico_dim,nico_0.41666666666666663,ResNetClassifier,100,7.853127571195297e-18,1.59979706854862e-08,4.7425089964077305
22,nico_dim,nico_0.41666666666666663,ResNetClassifier,100,8.969486730646921e-38,1.2699042269723205e-08,2.2183258093112403
23,nico_dim,nico_0.41666666666666663,ResNetClassifier,100,1.962540361273547e-31,3.130608618305093e-11,4.043486437223046
0,nico_dim,nico_0.4583333333333333,ResNetClassifier,100,2.5101386710000025e-20,9.672161867057346e-07,3.4214998302463777
1,nico_dim,nico_0.4583333333333333,ResNetClassifier,100,9.099261338568906e-17,9.672161867057346e-07,2.651639547228511
2,nico_dim,nico_0.4583333333333333,ResNetClassifier,100,1.5825751363708167e-30,5.344856276883387e-11,2.865368996432785
3,nico_dim,nico_0.4583333333333333,ResNetClassifier,100,1.6305967015499874e-22,2.272176941517387e-07,7.581469851749896
4,nico_dim,nico_0.4583333333333333,ResNetClassifier,100,2.5292716642357007e-18,1.7599878664687014e-06,3.9412758367981837
5,nico_dim,nico_0.4583333333333333,ResNetClassifier,100,2.5029239391836654e-48,1.3866761889576312e-11,2.5443462652210527
6,nico_dim,nico_0.4583333333333333,ResNetClassifier,100,3.5371707435938885e-22,2.5589755065128225e-13,4.756630979637469
7,nico_dim,nico_0.4583333333333333,ResNetClassifier,100,3.770431784912948e-35,7.721648214230728e-08,4.083867526889121
8,nico_dim,nico_0.4583333333333333,ResNetClassifier,100,4.292387190167038e-39,1.5285977336485577e-10,5.482110611506587
9,nico_dim,nico_0.4583333333333333,ResNetClassifier,100,3.2047370370931904e-18,3.9687491243200633e-08,4.588648672955135
10,nico_dim,nico_0.4583333333333333,ResNetClassifier,100,2.955363449698335e-25,1.194405695155284e-07,4.077580943415128
11,nico_dim,nico_0.4583333333333333,ResNetClassifier,100,2.4736194437371934e-25,3.9116824405390666e-09,4.192359779416911
12,nico_dim,nico_0.4583333333333333,ResNetClassifier,100,3.97869841234683e-27,2.8832977476987865e-05,4.756686712847607
13,nico_dim,nico_0.4583333333333333,ResNetClassifier,100,3.189769253293141e-30,6.194573891994619e-08,5.215675352300941
14,nico_dim,nico_0.4583333333333333,ResNetClassifier,100,8.343016965499698e-26,2.272176941517387e-07,4.906888350205418
15,nico_dim,nico_0.4583333333333333,ResNetClassifier,100,4.264609774856999e-15,2.3902208347090793e-11,4.628615388120917
16,nico_dim,nico_0.4583333333333333,ResNetClassifier,100,2.0673882843572674e-16,1.194405695155284e-07,3.932480451198919
17,nico_dim,nico_0.4583333333333333,ResNetClassifier,100,2.910331832543777e-17,7.0526196782284e-10,4.0383115164138745
18,nico_dim,nico_0.4583333333333333,ResNetClassifier,100,1.0497367927754704e-16,2.272176941517387e-07,8.252557384955235
19,nico_dim,nico_0.4583333333333333,ResNetClassifier,100,2.83888681214663e-27,2.142377369876311e-06,3.2241789096595084
20,nico_dim,nico_0.4583333333333333,ResNetClassifier,100,2.664485148293369e-47,7.89919185560459e-07,6.03300020095252
21,nico_dim,nico_0.4583333333333333,ResNetClassifier,100,6.313113279578374e-37,7.0526196782284e-10,3.279922218088983
22,nico_dim,nico_0.4583333333333333,ResNetClassifier,100,8.560558939665057e-29,6.967153661297343e-11,3.717263197706758
23,nico_dim,nico_0.4583333333333333,ResNetClassifier,100,2.79510099824409e-29,1.4833421283294326e-09,5.006933639933627
0,nico_dim,nico_0.5,ResNetClassifier,100,1.580685073328917e-32,1.0065053197268418e-08,5.210134637106928
1,nico_dim,nico_0.5,ResNetClassifier,100,1.7746036779557759e-22,9.067490556539704e-11,6.500365086313249
2,nico_dim,nico_0.5,ResNetClassifier,100,1.4354793313588952e-29,1.053658572555564e-11,6.624003114463048
3,nico_dim,nico_0.5,ResNetClassifier,100,2.9577682329823513e-41,7.721648214230728e-08,6.5414449304046105
4,nico_dim,nico_0.5,ResNetClassifier,100,2.916913854295016e-41,9.610732026644759e-08,4.261557110847003
5,nico_dim,nico_0.5,ResNetClassifier,100,1.3892492160855325e-16,9.610732026644759e-08,5.136518861587655
6,nico_dim,nico_0.5,ResNetClassifier,100,1.9404901532868276e-36,6.054172981808395e-12,6.169778066882969
7,nico_dim,nico_0.5,ResNetClassifier,100,1.1030129479879897e-26,4.962033317388988e-08,2.431150817176791
8,nico_dim,nico_0.5,ResNetClassifier,100,1.644003677336404e-14,5.487452332365523e-10,5.203221682148296
9,nico_dim,nico_0.5,ResNetClassifier,100,1.3883747270272423e-17,1.5285977336485577e-10,4.77526656688095
10,nico_dim,nico_0.5,ResNetClassifier,100,6.563625642940974e-17,2.272176941517387e-07,5.541788249011133
11,nico_dim,nico_0.5,ResNetClassifier,100,4.2365181891165154e-21,1.8365115807733268e-07,5.499534399835597
12,nico_dim,nico_0.5,ResNetClassifier,100,8.030934771702962e-25,9.067490556539704e-11,4.041571644555415
13,nico_dim,nico_0.5,ResNetClassifier,100,1.972573904303687e-33,1.5285977336485577e-10,4.28258972950094
14,nico_dim,nico_0.5,ResNetClassifier,100,6.684413210951957e-40,3.0767083807943474e-09,7.576115440229187
15,nico_dim,nico_0.5,ResNetClassifier,100,2.682122995642651e-32,1.4833421283294326e-09,1.8297805981585622
16,nico_dim,nico_0.5,ResNetClassifier,100,7.851771663518753e-49,1.3866761889576312e-11,3.160798818049474
17,nico_dim,nico_0.5,ResNetClassifier,100,2.627783918082566e-39,1.212258686333704e-14,5.704323574465816
18,nico_dim,nico_0.5,ResNetClassifier,100,4.2806328424693266e-43,2.0123290716212266e-08,7.341689962443956
19,nico_dim,nico_0.5,ResNetClassifier,100,2.5280563403824225e-25,9.610732026644759e-08,5.6459877976733335
20,nico_dim,nico_0.5,ResNetClassifier,100,9.713091849275365e-27,1.194405695155284e-07,2.826991910000031
21,nico_dim,nico_0.5,ResNetClassifier,100,3.3531567057266513e-16,4.2649120512381433e-07,4.76385648966086
22,nico_dim,nico_0.5,ResNetClassifier,100,1.7438890140619803e-28,1.2699042269723205e-08,4.6913971781011625
23,nico_dim,nico_0.5,ResNetClassifier,100,1.9734397781597895e-15,1.4437304723686243e-06,3.4297686203121827
0,nico_dim,nico_0.5416666666666666,ResNetClassifier,100,2.7478975357341274e-36,3.0802329571621615e-14,4.3487322167353275
1,nico_dim,nico_0.5416666666666666,ResNetClassifier,100,9.666112237552743e-23,2.6051188695036016e-12,8.876335889900513
2,nico_dim,nico_0.5416666666666666,ResNetClassifier,100,3.700422861404249e-18,3.9116824405390666e-09,5.728967384880016
3,nico_dim,nico_0.5416666666666666,ResNetClassifier,100,4.086631919321803e-30,1.9800234520683728e-10,5.170612014326962
4,nico_dim,nico_0.5416666666666666,ResNetClassifier,100,7.552334965363701e-27,6.054172981808395e-12,3.934122218014677
5,nico_dim,nico_0.5416666666666666,ResNetClassifier,100,1.2026527104855897e-17,2.6051188695036016e-12,4.729009236548518
6,nico_dim,nico_0.5416666666666666,ResNetClassifier,100,4.7864215095198074e-24,6.441703942144554e-07,6.918377363431295
7,nico_dim,nico_0.5416666666666666,ResNetClassifier,100,5.7950919741809025e-22,1.8365115807733268e-07,7.448071144658504
8,nico_dim,nico_0.5416666666666666,ResNetClassifier,100,2.2660579304831212e-23,1.194405695155284e-07,5.244324317321734
9,nico_dim,nico_0.5416666666666666,ResNetClassifier,100,8.554369700972132e-30,5.487452332365523e-10,6.757044744789655
10,nico_dim,nico_0.5416666666666666,ResNetClassifier,100,2.0222238456395533e-36,1.194405695155284e-07,4.270059241182593
11,nico_dim,nico_0.5416666666666666,ResNetClassifier,100,1.9213055072325382e-43,1.4821673886922003e-07,7.160138078927933
12,nico_dim,nico_0.5416666666666666,ResNetClassifier,100,7.874340531444646e-46,1.59979706854862e-08,8.023470822862873
13,nico_dim,nico_0.5416666666666666,ResNetClassifier,100,3.5414700769908407e-34,1.053658572555564e-11,4.442898924770279
14,nico_dim,nico_0.5416666666666666,ResNetClassifier,100,2.0044937657072857e-30,4.093809539430548e-11,5.281373202516465
15,nico_dim,nico_0.5416666666666666,ResNetClassifier,100,8.132171280916346e-28,2.52740252661128e-08,3.5018801615628377
16,nico_dim,nico_0.5416666666666666,ResNetClassifier,100,1.40003530976076e-23,4.962033317388988e-08,5.019093675522677
17,nico_dim,nico_0.5416666666666666,ResNetClassifier,100,9.929527398683077e-19,4.093809539430548e-11,4.420421110762327
18,nico_dim,nico_0.5416666666666666,ResNetClassifier,100,2.9481017652801156e-25,2.8070083451232685e-07,3.840942637742339
19,nico_dim,nico_0.5416666666666666,ResNetClassifier,100,3.4231554942079254e-32,1.409206693155246e-13,7.0064894438749254
20,nico_dim,nico_0.5416666666666666,ResNetClassifier,100,1.0794940377595407e-20,1.1595366387505954e-09,4.9393694224002225
21,nico_dim,nico_0.5416666666666666,ResNetClassifier,100,5.4793788283021936e-27,1.5285977336485577e-10,6.617653573721473
22,nico_dim,nico_0.5416666666666666,ResNetClassifier,100,6.265869173415884e-26,3.306583516683017e-10,5.0344304678455
23,nico_dim,nico_0.5416666666666666,ResNetClassifier,100,1.7701874758357433e-26,6.194573891994619e-08,6.849041400585829
0,nico_dim,nico_0.5833333333333333,ResNetClassifier,100,3.0476119363778246e-29,1.178236826760988e-10,5.18726368451099
1,nico_dim,nico_0.5833333333333333,ResNetClassifier,100,3.0962417456127454e-30,6.967153661297343e-11,6.7743083938678685
2,nico_dim,nico_0.5833333333333333,ResNetClassifier,100,3.6814785654139033e-22,1.194405695155284e-07,4.701920268493834
3,nico_dim,nico_0.5833333333333333,ResNetClassifier,100,3.3481006645968327e-26,9.610732026644759e-08,5.415350370120905
4,nico_dim,nico_0.5833333333333333,ResNetClassifier,100,9.402080099740353e-41,2.4162452987440573e-09,7.885281603935473
5,nico_dim,nico_0.5833333333333333,ResNetClassifier,100,6.940569840540903e-26,3.9116824405390666e-09,7.217111834926495
6,nico_dim,nico_0.5833333333333333,ResNetClassifier,100,1.05549736675967e-23,2.560738997907831e-10,7.6388692093601245
7,nico_dim,nico_0.5833333333333333,ResNetClassifier,100,2.7762481679863246e-33,6.967153661297343e-11,4.215771503856684
8,nico_dim,nico_0.5833333333333333,ResNetClassifier,100,7.26948552553154e-26,1.4821673886922003e-07,5.690876748998151
9,nico_dim,nico_0.5833333333333333,ResNetClassifier,100,9.022422728273876e-27,6.293884380173717e-09,6.197768373582875
10,nico_dim,nico_0.5833333333333333,ResNetClassifier,100,1.3082099909994993e-33,6.293884380173717e-09,5.283842550363966
11,nico_dim,nico_0.5833333333333333,ResNetClassifier,100,1.9698512982315305e-47,5.344856276883387e-11,4.604495752421198
12,nico_dim,nico_0.5833333333333333,ResNetClassifier,100,1.8859733938419827e-60,6.054172981808395e-12,6.529383554041407
13,nico_dim,nico_0.5833333333333333,ResNetClassifier,100,8.428567389446079e-35,6.455434834972945e-15,4.26452801682223
14,nico_dim,nico_0.5833333333333333,ResNetClassifier,100,1.891833530711295e-27,2.4938623326998463e-16,6.760416890876892
15,nico_dim,nico_0.5833333333333333,ResNetClassifier,100,7.34286015075191e-26,1.3866761889576312e-11,8.080164342477183
16,nico_dim,nico_0.5833333333333333,ResNetClassifier,100,6.194033632751605e-28,2.4162452987440573e-09,6.979166187308547
17,nico_dim,nico_0.5833333333333333,ResNetClassifier,100,4.692552389250944e-30,5.344856276883387e-11,4.160192673574182
18,nico_dim,nico_0.5833333333333333,ResNetClassifier,100,3.3144166766801096e-28,9.050125666185817e-10,8.346014753846976
19,nico_dim,nico_0.5833333333333333,ResNetClassifier,100,2.795814306223491e-17,6.293884380173717e-09,7.4474050064524
20,nico_dim,nico_0.5833333333333333,ResNetClassifier,100,1.3221398962680805e-21,1.4833421283294326e-09,4.776019124193674
21,nico_dim,nico_0.5833333333333333,ResNetClassifier,100,1.9503332524077733e-40,2.3048639953480217e-17,4.113143910267371
22,nico_dim,nico_0.5833333333333333,ResNetClassifier,100,1.0826401667813761e-31,6.184709418055657e-13,6.666984564380255
23,nico_dim,nico_0.5833333333333333,ResNetClassifier,100,6.411368618649619e-20,7.708962531364803e-14,7.096094384585467
0,nico_dim,nico_0.625,ResNetClassifier,100,6.313595826453759e-33,6.184709418055657e-13,7.533695240348502
1,nico_dim,nico_0.625,ResNetClassifier,100,2.2096186611677285e-43,2.5589755065128225e-13,8.9056783987245
2,nico_dim,nico_0.625,ResNetClassifier,100,1.318703015921553e-36,1.4833421283294326e-09,7.934363539927872
3,nico_dim,nico_0.625,ResNetClassifier,100,1.403020138176588e-24,1.053658572555564e-11,7.646533905512606
4,nico_dim,nico_0.625,ResNetClassifier,100,4.2797717844076434e-55,3.4142563695871467e-15,7.747415897756837
5,nico_dim,nico_0.625,ResNetClassifier,100,3.361691896909907e-53,1.3866761889576312e-11,5.210655578768314
6,nico_dim,nico_0.625,ResNetClassifier,100,1.382450112854586e-26,1.9005551257789004e-13,8.178339328727326
7,nico_dim,nico_0.625,ResNetClassifier,100,2.2155180233233375e-44,6.455434834972945e-15,3.4149114175057345
8,nico_dim,nico_0.625,ResNetClassifier,100,6.9395236511049475e-37,4.616192067810547e-13,7.54651568458364
9,nico_dim,nico_0.625,ResNetClassifier,100,2.6618829162511845e-27,1.3866761889576312e-11,6.335066850763869
10,nico_dim,nico_0.625,ResNetClassifier,100,9.502957236582405e-26,5.344856276883387e-11,7.4207603856404605
11,nico_dim,nico_0.625,ResNetClassifier,100,9.434498958554383e-25,7.993316223422517e-12,6.377487829156898
12,nico_dim,nico_0.625,ResNetClassifier,100,3.7263081090824413e-25,5.487452332365523e-10,3.869767426826323
13,nico_dim,nico_0.625,ResNetClassifier,100,7.451138097946966e-32,1.4728264255095599e-12,10.992709607149008
14,nico_dim,nico_0.625,ResNetClassifier,100,8.63117255235632e-31,4.96562592435021e-09,7.855648433778433
15,nico_dim,nico_0.625,ResNetClassifier,100,1.395215203589123e-41,4.093809539430548e-11,6.7459403686506265
16,nico_dim,nico_0.625,ResNetClassifier,100,2.1203428717272745e-29,7.0526196782284e-10,5.985167951766073
17,nico_dim,nico_0.625,ResNetClassifier,100,1.7305158495353864e-32,1.4833421283294326e-09,3.6791529655573436
18,nico_dim,nico_0.625,ResNetClassifier,100,8.076187029387498e-36,6.054172981808395e-12,4.898373675958319
19,nico_dim,nico_0.625,ResNetClassifier,100,5.533413115096052e-27,6.293884380173717e-09,6.6229065285283015
20,nico_dim,nico_0.625,ResNetClassifier,100,6.173379903034157e-34,7.0526196782284e-10,3.1081666509338173
21,nico_dim,nico_0.625,ResNetClassifier,100,7.331408436618007e-18,1.4821673886922003e-07,6.852450069568386
22,nico_dim,nico_0.625,ResNetClassifier,100,1.105987097476974e-19,7.0526196782284e-10,8.11547555237525
23,nico_dim,nico_0.625,ResNetClassifier,100,8.181752727828393e-18,1.4728264255095599e-12,6.993546976578828
0,nico_dim,nico_0.6666666666666666,ResNetClassifier,100,8.757701086781829e-55,6.967153661297343e-11,7.386177023950154
1,nico_dim,nico_0.6666666666666666,ResNetClassifier,100,5.6570061145763675e-46,1.3866761889576312e-11,5.654064063084561
2,nico_dim,nico_0.6666666666666666,ResNetClassifier,100,2.915707962341509e-32,5.344856276883387e-11,6.774392445379635
3,nico_dim,nico_0.6666666666666666,ResNetClassifier,100,1.3765730545541212e-25,2.2611040295583736e-14,6.735546333462903
4,nico_dim,nico_0.6666666666666666,ResNetClassifier,100,6.4224391164512e-33,7.708962531364803e-14,6.499979554349119
5,nico_dim,nico_0.6666666666666666,ResNetClassifier,100,3.667168381906185e-52,2.5589755065128225e-13,8.742377873482182
6,nico_dim,nico_0.6666666666666666,ResNetClassifier,100,9.541683611184665e-39,5.344856276883387e-11,5.9358013980554665
7,nico_dim,nico_0.6666666666666666,ResNetClassifier,100,4.1179996572151126e-33,8.272586282358799e-13,9.032707743320318
8,nico_dim,nico_0.6666666666666666,ResNetClassifier,100,8.301489679595065e-26,6.463846167717351e-17,9.764927363821261
9,nico_dim,nico_0.6666666666666666,ResNetClassifier,100,7.201988395407481e-16,2.6051188695036016e-12,7.815742121962394
10,nico_dim,nico_0.6666666666666666,ResNetClassifier,100,1.305862487394132e-25,2.2611040295583736e-14,6.0054294355864934
11,nico_dim,nico_0.6666666666666666,ResNetClassifier,100,1.217336598950219e-30,1.4833421283294326e-09,5.367361763413744
12,nico_dim,nico_0.6666666666666666,ResNetClassifier,100,1.7008516913583173e-20,9.610732026644759e-08,6.332125459369718
13,nico_dim,nico_0.6666666666666666,ResNetClassifier,100,5.934678171482121e-24,9.050125666185817e-10,5.885301806044979
14,nico_dim,nico_0.6666666666666666,ResNetClassifier,100,6.894319277814414e-37,6.967153661297343e-11,6.541004078621374
15,nico_dim,nico_0.6666666666666666,ResNetClassifier,100,4.6599565594647004e-29,1.3866761889576312e-11,6.300167062150917
16,nico_dim,nico_0.6666666666666666,ResNetClassifier,100,1.2464818970076311e-35,5.487452332365523e-10,2.4193347594294026
17,nico_dim,nico_0.6666666666666666,ResNetClassifier,100,3.666645611050958e-29,6.184709418055657e-13,6.956855515481577
18,nico_dim,nico_0.6666666666666666,ResNetClassifier,100,1.5472553713761926e-34,4.1890538193401617e-14,4.922560888578974
19,nico_dim,nico_0.6666666666666666,ResNetClassifier,100,8.088416810526621e-42,4.093809539430548e-11,8.279256926255766
20,nico_dim,nico_0.6666666666666666,ResNetClassifier,100,1.1866548268544556e-46,1.3866761889576312e-11,10.23441486750693
21,nico_dim,nico_0.6666666666666666,ResNetClassifier,100,2.617593826008427e-31,2.6051188695036016e-12,7.214812962802527
22,nico_dim,nico_0.6666666666666666,ResNetClassifier,100,7.593350807811651e-32,9.067490556539704e-11,9.39487593601727
23,nico_dim,nico_0.6666666666666666,ResNetClassifier,100,1.9287853983562363e-26,1.960392560729306e-12,8.629102625954111
0,nico_dim,nico_0.7083333333333333,ResNetClassifier,100,3.344227793016795e-33,1.7934607964099374e-15,9.023297581441579
1,nico_dim,nico_0.7083333333333333,ResNetClassifier,100,7.164569843889776e-31,1.1047182332290235e-12,3.5223779202137666
2,nico_dim,nico_0.7083333333333333,ResNetClassifier,100,3.863478733846146e-28,7.708962531364803e-14,5.056492810714136
3,nico_dim,nico_0.7083333333333333,ResNetClassifier,100,2.033249507907588e-28,9.067490556539704e-11,9.612559783258712
4,nico_dim,nico_0.7083333333333333,ResNetClassifier,100,1.606418141457711e-42,6.740210382761337e-16,8.905726801394193
5,nico_dim,nico_0.7083333333333333,ResNetClassifier,100,9.037445728139815e-36,5.687474607652541e-14,11.342265259025954
6,nico_dim,nico_0.7083333333333333,ResNetClassifier,100,9.282820387281428e-39,9.083086113362458e-17,6.579783714134537
7,nico_dim,nico_0.7083333333333333,ResNetClassifier,100,2.778836913501633e-36,3.98756214722495e-18,7.499439436708635
8,nico_dim,nico_0.7083333333333333,ResNetClassifier,100,6.555980594250701e-34,3.306583516683017e-10,6.045968680435137
9,nico_dim,nico_0.7083333333333333,ResNetClassifier,100,7.868906226676962e-42,9.067490556539704e-11,6.543737876517025
10,nico_dim,nico_0.7083333333333333,ResNetClassifier,100,2.19764615179984e-22,8.087707418186779e-18,6.5695264958114965
11,nico_dim,nico_0.7083333333333333,ResNetClassifier,100,2.3069793386640577e-29,1.2741182209094298e-16,8.910966972306287
12,nico_dim,nico_0.7083333333333333,ResNetClassifier,100,1.2421089428005452e-31,3.130608618305093e-11,8.389255245141857
13,nico_dim,nico_0.7083333333333333,ResNetClassifier,100,2.249097223565034e-39,1.8220233628153162e-11,11.645088682249188
14,nico_dim,nico_0.7083333333333333,ResNetClassifier,100,3.316973014062363e-51,6.054172981808395e-12,11.397900690436764
15,nico_dim,nico_0.7083333333333333,ResNetClassifier,100,2.5650025963793206e-31,1.2741182209094298e-16,8.585500672709745
16,nico_dim,nico_0.7083333333333333,ResNetClassifier,100,5.661666905206255e-34,1.1595366387505954e-09,6.131306633485237
17,nico_dim,nico_0.7083333333333333,ResNetClassifier,100,1.1794074632448983e-36,3.130608618305093e-11,8.461487110008216
18,nico_dim,nico_0.7083333333333333,ResNetClassifier,100,1.032979013547415e-37,6.455434834972945e-15,7.348549687065481
19,nico_dim,nico_0.7083333333333333,ResNetClassifier,100,6.454936732009691e-29,1.9800234520683728e-10,7.399230056573906
20,nico_dim,nico_0.7083333333333333,ResNetClassifier,100,2.535062622362397e-30,8.272586282358799e-13,9.139838026603684
21,nico_dim,nico_0.7083333333333333,ResNetClassifier,100,9.487635550078314e-29,1.9800234520683728e-10,3.4465562338414726
22,nico_dim,nico_0.7083333333333333,ResNetClassifier,100,2.4225931709553254e-53,1.960392560729306e-12,8.590368714379146
23,nico_dim,nico_0.7083333333333333,ResNetClassifier,100,9.057888179038061e-34,6.054172981808395e-12,3.8429684065626906
0,nico_dim,nico_0.75,ResNetClassifier,100,1.8536556853718975e-44,3.98756214722495e-18,7.654904613962863
1,nico_dim,nico_0.75,ResNetClassifier,100,6.473890588070584e-33,1.4833421283294326e-09,6.938210870395997
2,nico_dim,nico_0.75,ResNetClassifier,100,1.2918171939607815e-34,9.050125666185817e-10,8.91716942460116
3,nico_dim,nico_0.75,ResNetClassifier,100,2.8499659429073777e-34,3.456261848841594e-12,10.416272193263286
4,nico_dim,nico_0.75,ResNetClassifier,100,3.2031194786845947e-29,2.560738997907831e-10,10.093087491726374
5,nico_dim,nico_0.75,ResNetClassifier,100,1.1780939032347173e-44,4.578064247416582e-12,11.194963292856846
6,nico_dim,nico_0.75,ResNetClassifier,100,1.4690889807176714e-33,1.8220233628153162e-11,8.2573102677533
7,nico_dim,nico_0.75,ResNetClassifier,100,4.941477366991555e-37,2.6051188695036016e-12,7.487063987858303
8,nico_dim,nico_0.75,ResNetClassifier,100,1.539355784951392e-48,4.5917719281529585e-17,7.932056659057926
9,nico_dim,nico_0.75,ResNetClassifier,100,2.2829357068552085e-34,4.093809539430548e-11,4.3146566081761755
10,nico_dim,nico_0.75,ResNetClassifier,100,2.3079085754257536e-37,7.993316223422517e-12,5.581835923803871
11,nico_dim,nico_0.75,ResNetClassifier,100,2.571727109787768e-35,1.4728264255095599e-12,9.564379192901397
12,nico_dim,nico_0.75,ResNetClassifier,100,4.3131630409685526e-24,4.69874320088687e-15,7.240933517054946
13,nico_dim,nico_0.75,ResNetClassifier,100,4.181004804405349e-27,9.050125666185817e-10,8.824389477786472
14,nico_dim,nico_0.75,ResNetClassifier,100,2.712152319859574e-37,2.4162452987440573e-09,7.58857232611731
15,nico_dim,nico_0.75,ResNetClassifier,100,8.560547323274647e-53,6.184709418055657e-13,8.42496853812132
16,nico_dim,nico_0.75,ResNetClassifier,100,8.105897532301068e-50,3.4142563695871467e-15,4.603060785987066
17,nico_dim,nico_0.75,ResNetClassifier,100,1.1131189110933626e-34,3.130608618305093e-11,7.918909977418662
18,nico_dim,nico_0.75,ResNetClassifier,100,1.1339441044321535e-25,1.4728264255095599e-12,9.357563122371616
19,nico_dim,nico_0.75,ResNetClassifier,100,1.9822002509961516e-37,1.8220233628153162e-11,10.533312384480668
20,nico_dim,nico_0.75,ResNetClassifier,100,4.4951694410488084e-27,1.053658572555564e-11,10.016778161552002
21,nico_dim,nico_0.75,ResNetClassifier,100,1.862158436709296e-34,3.9116824405390666e-09,7.779443797876593
22,nico_dim,nico_0.75,ResNetClassifier,100,5.886854574531815e-40,4.69874320088687e-15,6.098099079611202
23,nico_dim,nico_0.75,ResNetClassifier,100,1.3156101302023075e-25,2.3048639953480217e-17,10.886767939183919
0,nico_dim,nico_0.7916666666666666,ResNetClassifier,100,2.056598690448544e-43,1.0431507989640008e-13,11.438287336677313
1,nico_dim,nico_0.7916666666666666,ResNetClassifier,100,3.961106691425939e-57,1.3757239623968509e-22,10.776385724421852
2,nico_dim,nico_0.7916666666666666,ResNetClassifier,100,7.048411125437466e-41,1.5117296627976861e-19,7.372341452334066
3,nico_dim,nico_0.7916666666666666,ResNetClassifier,100,3.433230325239632e-35,1.9005551257789004e-13,10.943860819600523
4,nico_dim,nico_0.7916666666666666,ResNetClassifier,100,1.2251046786492318e-35,4.616192067810547e-13,9.028556891038898
5,nico_dim,nico_0.7916666666666666,ResNetClassifier,100,6.579823637413645e-33,1.657009766442331e-14,10.36514789825851
6,nico_dim,nico_0.7916666666666666,ResNetClassifier,100,2.191540847399848e-54,9.35615018383514e-16,9.440841195601969
7,nico_dim,nico_0.7916666666666666,ResNetClassifier,100,4.930248123126976e-44,1.3757239623968509e-22,5.35726577331885
8,nico_dim,nico_0.7916666666666666,ResNetClassifier,100,9.634980920510661e-36,1.9800234520683728e-10,9.21039713264022
9,nico_dim,nico_0.7916666666666666,ResNetClassifier,100,3.747282231482356e-41,7.158393681282617e-20,5.783810733309631
10,nico_dim,nico_0.7916666666666666,ResNetClassifier,100,2.656482096265199e-31,1.053658572555564e-11,8.431524907959092
11,nico_dim,nico_0.7916666666666666,ResNetClassifier,100,6.156352259085569e-27,7.708962531364803e-14,10.011952648240449
12,nico_dim,nico_0.7916666666666666,ResNetClassifier,100,1.407704146178173e-36,4.928768374924268e-21,6.684811026155451
13,nico_dim,nico_0.7916666666666666,ResNetClassifier,100,2.339525749208645e-31,3.306583516683017e-10,7.3789107390315625
14,nico_dim,nico_0.7916666666666666,ResNetClassifier,100,5.371782402911855e-47,6.967153661297343e-11,3.2623908986191053
15,nico_dim,nico_0.7916666666666666,ResNetClassifier,100,3.198484280786176e-50,1.951839311207934e-18,7.583732964450028
16,nico_dim,nico_0.7916666666666666,ResNetClassifier,100,1.2818494270539208e-37,3.364358012558787e-20,7.570214997300639
17,nico_dim,nico_0.7916666666666666,ResNetClassifier,100,4.521607097309359e-31,1.2964904751734593e-15,7.374993846610887
18,nico_dim,nico_0.7916666666666666,ResNetClassifier,100,2.2474326794446044e-37,5.344856276883387e-11,7.40172740163976
19,nico_dim,nico_0.7916666666666666,ResNetClassifier,100,3.145278161729837e-40,5.687474607652541e-14,5.641767479983341
20,nico_dim,nico_0.7916666666666666,ResNetClassifier,100,5.378307097152689e-57,1.409206693155246e-13,11.963938260690771
21,nico_dim,nico_0.7916666666666666,ResNetClassifier,100,8.720394251920916e-43,1.409206693155246e-13,12.07902541261501
22,nico_dim,nico_0.7916666666666666,ResNetClassifier,100,2.462196571134371e-32,1.9005551257789004e-13,11.009373444393036
23,nico_dim,nico_0.7916666666666666,ResNetClassifier,100,1.2047855678235355e-29,9.35615018383514e-16,9.970261513943155
0,nico_dim,nico_0.8333333333333333,ResNetClassifier,100,1.22481288935777e-31,6.054172981808395e-12,3.961415632079952
1,nico_dim,nico_0.8333333333333333,ResNetClassifier,100,2.788733313295853e-37,6.463846167717351e-17,8.505022534364386
2,nico_dim,nico_0.8333333333333333,ResNetClassifier,100,1.4031849863101137e-40,1.212258686333704e-14,8.166263452457423
3,nico_dim,nico_0.8333333333333333,ResNetClassifier,100,3.582388251970699e-48,3.130608618305093e-11,11.692035154219793
4,nico_dim,nico_0.8333333333333333,ResNetClassifier,100,2.9478903795137336e-50,3.130608618305093e-11,11.988086119496876
5,nico_dim,nico_0.8333333333333333,ResNetClassifier,100,1.2776387446974703e-57,4.093809539430548e-11,12.997985054701566
6,nico_dim,nico_0.8333333333333333,ResNetClassifier,100,7.7251616646201e-31,5.6840574108987266e-18,7.849483679029972
7,nico_dim,nico_0.8333333333333333,ResNetClassifier,100,2.1033239696702673e-33,1.960392560729306e-12,10.428463451853132
8,nico_dim,nico_0.8333333333333333,ResNetClassifier,100,7.14908828896251e-40,3.456261848841594e-12,11.404432497448289
9,nico_dim,nico_0.8333333333333333,ResNetClassifier,100,2.455235707432642e-44,1.068766321026828e-20,8.377402698080987
10,nico_dim,nico_0.8333333333333333,ResNetClassifier,100,5.150316474203167e-40,9.083086113362458e-17,10.810186082557077
11,nico_dim,nico_0.8333333333333333,ResNetClassifier,100,4.375081717432908e-28,2.4766625326157352e-15,9.341420457226537
12,nico_dim,nico_0.8333333333333333,ResNetClassifier,100,2.5613929123229305e-35,1.409206693155246e-13,7.782252351351781
13,nico_dim,nico_0.8333333333333333,ResNetClassifier,100,1.4053157614012364e-36,3.364358012558787e-20,8.683029733896255
14,nico_dim,nico_0.8333333333333333,ResNetClassifier,100,2.475496239008955e-32,2.7923517192224207e-18,9.32005246640183
15,nico_dim,nico_0.8333333333333333,ResNetClassifier,100,3.6866609408000834e-38,1.2964904751734593e-15,9.969876511792803
16,nico_dim,nico_0.8333333333333333,ResNetClassifier,100,9.233220018809299e-52,6.184709418055657e-13,8.35120767276876
17,nico_dim,nico_0.8333333333333333,ResNetClassifier,100,3.543980597236539e-66,1.7841116756978548e-16,6.0661419392526295
18,nico_dim,nico_0.8333333333333333,ResNetClassifier,100,1.4219195509314433e-35,5.88859422698216e-25,11.341102931256646
19,nico_dim,nico_0.8333333333333333,ResNetClassifier,100,3.034823796414581e-39,6.184709418055657e-13,9.683529710804578
20,nico_dim,nico_0.8333333333333333,ResNetClassifier,100,4.215170757121237e-26,1.0431507989640008e-13,7.3271014832535135
21,nico_dim,nico_0.8333333333333333,ResNetClassifier,100,9.17068464448688e-33,1.178236826760988e-10,7.386527049352459
22,nico_dim,nico_0.8333333333333333,ResNetClassifier,100,1.257960536684231e-35,4.093809539430548e-11,8.665258424328615
23,nico_dim,nico_0.8333333333333333,ResNetClassifier,100,1.0286969963256804e-38,4.1890538193401617e-14,9.376278363005259
0,nico_dim,nico_0.875,ResNetClassifier,100,2.771882980105744e-48,6.054172981808395e-12,4.058078745888997
1,nico_dim,nico_0.875,ResNetClassifier,100,5.036261553420079e-33,7.708962531364803e-14,8.822739350447598
2,nico_dim,nico_0.875,ResNetClassifier,100,3.654232385395891e-37,1.2741182209094298e-16,8.682027454603304
3,nico_dim,nico_0.875,ResNetClassifier,100,1.8133483242169135e-51,1.7934607964099374e-15,11.14703463733582
4,nico_dim,nico_0.875,ResNetClassifier,100,5.317824527866192e-36,4.1890538193401617e-14,11.415118804807717
5,nico_dim,nico_0.875,ResNetClassifier,100,2.2371500835409906e-38,7.0526196782284e-10,11.654102310374874
6,nico_dim,nico_0.875,ResNetClassifier,100,2.782530658993951e-66,9.48453905221817e-19,13.26962945795618
7,nico_dim,nico_0.875,ResNetClassifier,100,3.2125333720049357e-54,8.272586282358799e-13,13.416955767902545
8,nico_dim,nico_0.875,ResNetClassifier,100,1.3171872131320152e-46,6.463846167717351e-17,6.093564401493641
9,nico_dim,nico_0.875,ResNetClassifier,100,1.2690625512533097e-48,3.0892219583826165e-22,9.084878585916886
10,nico_dim,nico_0.875,ResNetClassifier,100,8.065790842002227e-48,2.4938623326998463e-16,11.810754522225388
11,nico_dim,nico_0.875,ResNetClassifier,100,5.2203801406671704e-43,1.0243146470334073e-21,12.784216740425963
12,nico_dim,nico_0.875,ResNetClassifier,100,1.4621357699855678e-37,3.130608618305093e-11,9.363299300149956
13,nico_dim,nico_0.875,ResNetClassifier,100,2.669271755913936e-33,2.3048639953480217e-17,8.26259436748107
14,nico_dim,nico_0.875,ResNetClassifier,100,8.193272467530054e-27,2.3902208347090793e-11,7.8265743129043495
15,nico_dim,nico_0.875,ResNetClassifier,100,2.0057932675446256e-38,5.6840574108987266e-18,11.837432712987065
16,nico_dim,nico_0.875,ResNetClassifier,100,5.658932014730636e-33,2.664137299520996e-23,8.91193602248677
17,nico_dim,nico_0.875,ResNetClassifier,100,1.1908174793095292e-29,1.2741182209094298e-16,10.680033757862402
18,nico_dim,nico_0.875,ResNetClassifier,100,2.6178338312697265e-38,7.708962531364803e-14,7.477460471190571
19,nico_dim,nico_0.875,ResNetClassifier,100,5.988039909000807e-66,1.5117296627976861e-19,8.309047827944523
20,nico_dim,nico_0.875,ResNetClassifier,100,3.4042217069166605e-31,2.2556042447049804e-21,6.2864113009582026
21,nico_dim,nico_0.875,ResNetClassifier,100,2.622595253188761e-38,4.847257796358451e-16,6.854796276732768
22,nico_dim,nico_0.875,ResNetClassifier,100,8.701844885760287e-42,6.740210382761337e-16,8.15044671511483
23,nico_dim,nico_0.875,ResNetClassifier,100,1.2258933755306837e-45,1.409206693155246e-13,11.429514366090297
0,nico_dim,nico_0.9166666666666666,ResNetClassifier,100,1.0988263233394894e-42,6.184709418055657e-13,10.078278677997297
1,nico_dim,nico_0.9166666666666666,ResNetClassifier,100,2.551338517421865e-46,2.3048639953480217e-17,8.86361326911221
2,nico_dim,nico_0.9166666666666666,ResNetClassifier,100,1.130103329314625e-40,4.847257796358451e-16,8.160382452246504
3,nico_dim,nico_0.9166666666666666,ResNetClassifier,100,7.838057210728767e-36,1.212258686333704e-14,10.14721983554191
4,nico_dim,nico_0.9166666666666666,ResNetClassifier,100,2.1489121603860848e-35,3.0802329571621615e-14,9.39263513836792
5,nico_dim,nico_0.9166666666666666,ResNetClassifier,100,8.349813474766874e-31,2.4938623326998463e-16,12.60027892816257
6,nico_dim,nico_0.9166666666666666,ResNetClassifier,100,1.0538090987746473e-35,4.69874320088687e-15,8.478684691466851
7,nico_dim,nico_0.9166666666666666,ResNetClassifier,100,4.1546747688166585e-41,3.3374784331843603e-21,12.922893871096894
8,nico_dim,nico_0.9166666666666666,ResNetClassifier,100,3.42325749529553e-51,2.5589755065128225e-13,9.753476335967425
9,nico_dim,nico_0.9166666666666666,ResNetClassifier,100,7.711246591311463e-55,4.928768374924268e-21,9.20856684222177
10,nico_dim,nico_0.9166666666666666,ResNetClassifier,100,5.128367203793896e-66,7.708962531364803e-14,8.609113261328327
11,nico_dim,nico_0.9166666666666666,ResNetClassifier,100,1.4085192925912617e-37,1.7934607964099374e-15,6.672462003576343
12,nico_dim,nico_0.9166666666666666,ResNetClassifier,100,5.83844086138115e-45,1.0431507989640008e-13,11.9584938893952
13,nico_dim,nico_0.9166666666666666,ResNetClassifier,100,7.593350807811651e-32,6.740210382761337e-16,11.888993932958693
14,nico_dim,nico_0.9166666666666666,ResNetClassifier,100,6.601231923262292e-42,2.2611040295583736e-14,4.035942236555493
15,nico_dim,nico_0.9166666666666666,ResNetClassifier,100,1.3945094198338017e-38,4.578064247416582e-12,11.21805876024766
16,nico_dim,nico_0.9166666666666666,ResNetClassifier,100,3.070019189781871e-40,1.212258686333704e-14,11.026795253101355
17,nico_dim,nico_0.9166666666666666,ResNetClassifier,100,4.244328633001715e-48,5.687474607652541e-14,11.46880738273263
18,nico_dim,nico_0.9166666666666666,ResNetClassifier,100,1.4368781706419797e-47,1.1583740320017575e-23,8.791741764843463
19,nico_dim,nico_0.9166666666666666,ResNetClassifier,100,1.418974506954977e-29,2.4938623326998463e-16,10.88112305506887
20,nico_dim,nico_0.9166666666666666,ResNetClassifier,100,3.0201601130236475e-34,2.1907326243014875e-19,8.565380823505693
21,nico_dim,nico_0.9166666666666666,ResNetClassifier,100,1.548642895120858e-53,1.1583740320017575e-23,7.817464661019572
22,nico_dim,nico_0.9166666666666666,ResNetClassifier,100,1.7382318842588112e-54,3.306583516683017e-10,13.315643701107911
23,nico_dim,nico_0.9166666666666666,ResNetClassifier,100,8.867725279259925e-46,6.967153661297343e-11,12.221628226112625
0,nico_dim,nico_0.9583333333333333,ResNetClassifier,100,2.773057715476781e-49,1.068766321026828e-20,7.901997593409196
1,nico_dim,nico_0.9583333333333333,ResNetClassifier,100,1.3368057850943835e-38,1.068766321026828e-20,8.661419949422852
2,nico_dim,nico_0.9583333333333333,ResNetClassifier,100,6.583813411033526e-50,3.256110539773018e-17,10.153989593715288
3,nico_dim,nico_0.9583333333333333,ResNetClassifier,100,7.052683296099845e-49,1.7584922026667112e-23,12.986472079604281
4,nico_dim,nico_0.9583333333333333,ResNetClassifier,100,1.4620303161073972e-52,3.364358012558787e-20,8.938320892490447
5,nico_dim,nico_0.9583333333333333,ResNetClassifier,100,1.2045409403665073e-67,1.6286080427949765e-17,7.688170582851943
6,nico_dim,nico_0.9583333333333333,ResNetClassifier,100,7.854484518773431e-39,3.98756214722495e-18,8.643292500385796
7,nico_dim,nico_0.9583333333333333,ResNetClassifier,100,5.386350614258713e-57,4.1890538193401617e-14,13.308833040094228
8,nico_dim,nico_0.9583333333333333,ResNetClassifier,100,2.2455036072775324e-69,2.4766625326157352e-15,14.329026911258698
9,nico_dim,nico_0.9583333333333333,ResNetClassifier,100,1.4834531199986128e-40,1.053658572555564e-11,10.840057827820953
10,nico_dim,nico_0.9583333333333333,ResNetClassifier,100,2.1033066687434256e-33,2.4938623326998463e-16,11.201518472804455
11,nico_dim,nico_0.9583333333333333,ResNetClassifier,100,5.836553320052189e-39,2.4766625326157352e-15,7.82905007648982
12,nico_dim,nico_0.9583333333333333,ResNetClassifier,100,5.493842436181809e-36,1.5117296627976861e-19,9.115095724903513
13,nico_dim,nico_0.9583333333333333,ResNetClassifier,100,5.999849465420631e-46,1.212258686333704e-14,3.2358607924593525
14,nico_dim,nico_0.9583333333333333,ResNetClassifier,100,2.4938878323564992e-54,9.48453905221817e-19,9.856237532009981
15,nico_dim,nico_0.9583333333333333,ResNetClassifier,100,2.321389887447687e-48,9.35615018383514e-16,13.505706181311835
16,nico_dim,nico_0.9583333333333333,ResNetClassifier,100,4.544242781595662e-39,4.575142150334594e-19,11.267273316374922
17,nico_dim,nico_0.9583333333333333,ResNetClassifier,100,1.0073524163640014e-36,1.657009766442331e-14,9.549477430898696
18,nico_dim,nico_0.9583333333333333,ResNetClassifier,100,5.867399766321265e-35,1.9005551257789004e-13,8.48228771015507
19,nico_dim,nico_0.9583333333333333,ResNetClassifier,100,2.9198408910297833e-43,2.4938623326998463e-16,12.041972536907997
20,nico_dim,nico_0.9583333333333333,ResNetClassifier,100,5.519035123951954e-50,1.5117296627976861e-19,9.252769079431454
21,nico_dim,nico_0.9583333333333333,ResNetClassifier,100,1.097754837403634e-43,3.1688281185083285e-19,13.54516472881818
22,nico_dim,nico_0.9583333333333333,ResNetClassifier,100,6.339052626356646e-40,7.0526196782284e-10,12.49871369380498
23,nico_dim,nico_0.9583333333333333,ResNetClassifier,100,1.6086455928897634e-38,9.083086113362458e-17,11.780365912173439
0,nico_dim,nico_1.0,ResNetClassifier,100,1.7548046598992305e-42,4.847257796358451e-16,14.38166646387428
1,nico_dim,nico_1.0,ResNetClassifier,100,5.9966180514738546e-30,6.463846167717351e-17,7.968295207316987
2,nico_dim,nico_1.0,ResNetClassifier,100,4.318904251582466e-63,9.48453905221817e-19,11.175839956141717
3,nico_dim,nico_1.0,ResNetClassifier,100,7.323576722445063e-63,5.88859422698216e-25,5.728616564496479
4,nico_dim,nico_1.0,ResNetClassifier,100,2.1489915760058526e-39,1.726148580314782e-26,13.653301563747226
5,nico_dim,nico_1.0,ResNetClassifier,100,3.1717294522863393e-56,3.0892219583826165e-22,13.778542639237143
6,nico_dim,nico_1.0,ResNetClassifier,100,4.247805417328387e-40,1.657009766442331e-14,10.036984296260052
7,nico_dim,nico_1.0,ResNetClassifier,100,1.0815367482468099e-30,1.5693245355469684e-20,9.292575839678102
8,nico_dim,nico_1.0,ResNetClassifier,100,1.3039872632399796e-47,3.256110539773018e-17,12.235046157836914
9,nico_dim,nico_1.0,ResNetClassifier,100,7.606784076038813e-43,9.083086113362458e-17,9.163361952425557
10,nico_dim,nico_1.0,ResNetClassifier,100,1.8914040408829104e-38,9.083086113362458e-17,9.836440227851272
11,nico_dim,nico_1.0,ResNetClassifier,100,3.8616019855923555e-38,6.740210382761337e-16,13.633900543996806
12,nico_dim,nico_1.0,ResNetClassifier,100,2.1619480262381678e-48,1.1487108088586872e-17,9.498846411763186
13,nico_dim,nico_1.0,ResNetClassifier,100,2.23272919805927e-53,9.083086113362458e-17,6.595710706629761
14,nico_dim,nico_1.0,ResNetClassifier,100,1.6337055789790295e-45,1.0431507989640008e-13,5.603918816604673
15,nico_dim,nico_1.0,ResNetClassifier,100,5.979910498227356e-58,4.409714685872014e-28,9.69195880861993
16,nico_dim,nico_1.0,ResNetClassifier,100,8.129591164798543e-60,7.158393681282617e-20,8.146439821021632
17,nico_dim,nico_1.0,ResNetClassifier,100,1.480292901198899e-41,9.153448004347011e-23,10.429501987252152
18,nico_dim,nico_1.0,ResNetClassifier,100,7.582980766006202e-58,4.5917719281529585e-17,13.511809623859008
19,nico_dim,nico_1.0,ResNetClassifier,100,5.89259157799823e-69,6.593402869341577e-19,14.098671548366546
20,nico_dim,nico_1.0,ResNetClassifier,100,5.050416342033772e-54,4.615582304010894e-22,10.650154304131865
21,nico_dim,nico_1.0,ResNetClassifier,100,3.2140835094631157e-56,2.2556042447049804e-21,11.254276843584375
22,nico_dim,nico_1.0,ResNetClassifier,100,1.7049143118750786e-46,1.5117296627976861e-19,12.190919426046312
23,nico_dim,nico_1.0,ResNetClassifier,100,4.8326660495677245e-54,4.0281028456423103e-23,10.990294238385687
